国民经济核算,1
国内生产总值,2
国内生产总值（季）,3
三大产业对GDP增长的贡献率和拉动（季）,3
国内生产总值（年）,3
分行业增加值：现价（年）,3
国内生产总值指数：上年=100（年）,3
国内生产总值指数：1978年=100（年）,3
第三产业增加值及指数（年）,3
三大产业对GDP增长的贡献率和拉动（年）,3
国内生产总值：收入法（年）,3
国内生产总值平减指数,3
克强指数（月）,3
收入分配（年）,3
国内生产总值：支出法,2
三大需求对GDP增长的贡献率和拉动（季）,3
国内生产总值：支出法（年）,3
国内生产总值：支出法：居民消费支出（年）,3
三大需求对GDP增长的贡献率和拉动（年）,3
居民消费水平（年）,3
国民总收入及总储蓄（年）,3
国内生产总值：省及直辖市,2
国内生产总值：北京（季）,3
国内生产总值：天津（季）,3
国内生产总值：河北（季）,3
国内生产总值：山西（季）,3
国内生产总值：内蒙古（季）,3
国内生产总值：辽宁（季）,3
国内生产总值：吉林（季）,3
国内生产总值：黑龙江（季）,3
国内生产总值：上海,3
国内生产总值：江苏（季）,3
国内生产总值：浙江（季）,3
国内生产总值：安徽（季）,3
国内生产总值：福建（季）,3
国内生产总值：江西（季）,3
国内生产总值：山东（季）,3
国内生产总值：河南（季）,3
国内生产总值：湖北（季）,3
国内生产总值：湖南（季）,3
国内生产总值：广东（季）,3
国内生产总值：广西（季）,3
国内生产总值：海南（季）,3
国内生产总值：重庆（季）,3
国内生产总值：四川（季）,3
国内生产总值：贵州（季）,3
国内生产总值：云南（季）,3
国内生产总值：西藏（季）,3
国内生产总值：陕西（季）,3
国内生产总值：甘肃（季）,3
国内生产总值：青海（季）,3
国内生产总值：宁夏（季）,3
国内生产总值：新疆（季）,3
国内生产总值：北京（年）,3
国内生产总值：天津（年）,3
国内生产总值：河北（年）,3
国内生产总值：山西（年）,3
国内生产总值：内蒙古（年）,3
国内生产总值：辽宁（年）,3
国内生产总值：吉林（年）,3
国内生产总值：黑龙江（年）,3
国内生产总值：上海（年）,3
国内生产总值：江苏（年）,3
国内生产总值：浙江（年）,3
国内生产总值：安徽（年）,3
国内生产总值：福建（年）,3
国内生产总值：江西（年）,3
国内生产总值：山东（年）,3
国内生产总值：河南（年）,3
国内生产总值：湖北（年）,3
国内生产总值：湖南（年）,3
国内生产总值：广东（年）,3
国内生产总值：广西（年）,3
国内生产总值：海南（年）,3
国内生产总值：重庆（年）,3
国内生产总值：四川（年）,3
国内生产总值：贵州（年）,3
国内生产总值：云南（年）,3
国内生产总值：西藏（年）,3
国内生产总值：陕西（年）,3
国内生产总值：甘肃（年）,3
国内生产总值：青海（年）,3
国内生产总值：宁夏（年）,3
国内生产总值：新疆（年）,3
国内生产总值：新疆生产建设兵团（年）,3
国内生产总值：经济区（年）,3
国内生产总值：支出法：省及直辖市,2
国内生产总值：支出法：北京（年）,3
国内生产总值：支出法：天津（年）,3
国内生产总值：支出法：河北（年）,3
国内生产总值：支出法：山西（年）,3
国内生产总值：支出法：内蒙古（年）,3
国内生产总值：支出法：辽宁（年）,3
国内生产总值：支出法：吉林（年）,3
国内生产总值：支出法：黑龙江（年）,3
国内生产总值：支出法：上海（年）,3
国内生产总值：支出法：江苏（年）,3
国内生产总值：支出法：浙江（年）,3
国内生产总值：支出法：安徽（年）,3
国内生产总值：支出法：福建（年）,3
国内生产总值：支出法：江西（年）,3
国内生产总值：支出法：山东（年）,3
国内生产总值：支出法：河南（年）,3
国内生产总值：支出法：湖北（年）,3
国内生产总值：支出法：湖南（年）,3
国内生产总值：支出法：广东（年）,3
国内生产总值：支出法：广西（年）,3
国内生产总值：支出法：海南（年）,3
国内生产总值：支出法：重庆（年）,3
国内生产总值：支出法：四川（年）,3
国内生产总值：支出法：贵州（年）,3
国内生产总值：支出法：云南（年）,3
国内生产总值：支出法：西藏（年）,3
国内生产总值：支出法：陕西（年）,3
国内生产总值：支出法：甘肃（年）,3
国内生产总值：支出法：青海（年）,3
国内生产总值：支出法：宁夏（年）,3
国内生产总值：支出法：新疆（年）,3
国内生产总值：收入法：省及直辖市,2
国内生产总值：收入法：北京（年）,3
国内生产总值：收入法：天津（年）,3
国内生产总值：收入法：河北（年）,3
国内生产总值：收入法：山西（年）,3
国内生产总值：收入法：内蒙古（年）,3
国内生产总值：收入法：辽宁（年）,3
国内生产总值：收入法：吉林（年）,3
国内生产总值：收入法：黑龙江（年）,3
国内生产总值：收入法：上海（年）,3
国内生产总值：收入法：江苏（年）,3
国内生产总值：收入法：浙江（年）,3
国内生产总值：收入法：安徽（年）,3
国内生产总值：收入法：福建（年）,3
国内生产总值：收入法：江西（年）,3
国内生产总值：收入法：山东（年）,3
国内生产总值：收入法：河南（年）,3
国内生产总值：收入法：湖北（年）,3
国内生产总值：收入法：湖南（年）,3
国内生产总值：收入法：广东（年）,3
国内生产总值：收入法：广西（年）,3
国内生产总值：收入法：海南（年）,3
国内生产总值：收入法：重庆（年）,3
国内生产总值：收入法：四川（年）,3
国内生产总值：收入法：贵州（年）,3
国内生产总值：收入法：云南（年）,3
国内生产总值：收入法：西藏（年）,3
国内生产总值：收入法：陕西（年）,3
国内生产总值：收入法：甘肃（年）,3
国内生产总值：收入法：青海（年）,3
国内生产总值：收入法：宁夏（年）,3
国内生产总值：收入法：新疆（年）,3
主要经济指标：省会和计划单列市,2
主要经济指标：石家庄（年）,3
主要经济指标：太原（年）,3
主要经济指标：呼和浩特（年）,3
主要经济指标：沈阳（年）,3
主要经济指标：大连（年）,3
主要经济指标：长春（年）,3
主要经济指标：哈尔滨（年）,3
主要经济指标：南京（年）,3
主要经济指标：杭州（年）,3
主要经济指标：宁波（年）,3
主要经济指标：合肥（年）,3
主要经济指标：福州（年）,3
主要经济指标：厦门（年）,3
主要经济指标：南昌（年）,3
主要经济指标：济南（年）,3
主要经济指标：青岛（年）,3
主要经济指标：郑州（年）,3
主要经济指标：武汉（年）,3
主要经济指标：长沙（年）,3
主要经济指标：广州（年）,3
主要经济指标：深圳（年）,3
主要经济指标：南宁（年）,3
主要经济指标：海口（年）,3
主要经济指标：成都（年）,3
主要经济指标：贵阳（年）,3
主要经济指标：昆明（年）,3
主要经济指标：拉萨（年）,3
主要经济指标：西安（年）,3
主要经济指标：兰州（年）,3
主要经济指标：西宁（年）,3
主要经济指标：银川（年）,3
主要经济指标：乌鲁木齐（年）,3
国内生产总值：省会和计划单列市,2
国内生产总值：石家庄（季）,3
国内生产总值：太原（季）,3
国内生产总值：呼和浩特（季）,3
国内生产总值：沈阳（季）,3
国内生产总值：大连（季）,3
国内生产总值：长春（季）,3
国内生产总值：哈尔滨（季）,3
国内生产总值：南京（季）,3
国内生产总值：杭州（季）,3
国内生产总值：宁波（季）,3
国内生产总值：合肥（季）,3
国内生产总值：福州（季）,3
国内生产总值：厦门（季）,3
国内生产总值：南昌（季）,3
国内生产总值：济南（季）,3
国内生产总值：青岛（季）,3
国内生产总值：郑州（季）,3
国内生产总值：武汉（季）,3
国内生产总值：长沙（季）,3
国内生产总值：广州（季）,3
国内生产总值：深圳（季）,3
国内生产总值：南宁（季）,3
国内生产总值：海口（季）,3
国内生产总值：成都（季）,3
国内生产总值：贵阳（季）,3
国内生产总值：昆明（季）,3
国内生产总值：拉萨（季）,3
国内生产总值：西安（季）,3
国内生产总值：兰州（季）,3
国内生产总值：西宁（季）,3
国内生产总值：银川（季）,3
国内生产总值：乌鲁木齐（季）,3
国内生产总值：石家庄（年）,3
国内生产总值：太原（年）,3
国内生产总值：呼和浩特（年）,3
国内生产总值：沈阳（年）,3
国内生产总值：大连（年）,3
国内生产总值：长春（年）,3
国内生产总值：哈尔滨（年）,3
国内生产总值：南京（年）,3
国内生产总值：杭州（年）,3
国内生产总值：宁波（年）,3
国内生产总值：合肥（年）,3
国内生产总值：福州（年）,3
国内生产总值：厦门（年）,3
国内生产总值：南昌（年）,3
国内生产总值：济南（年）,3
国内生产总值：青岛（年）,3
国内生产总值：郑州（年）,3
国内生产总值：武汉（年）,3
国内生产总值：长沙（年）,3
国内生产总值：广州（年）,3
国内生产总值：深圳（年）,3
国内生产总值：南宁（年）,3
国内生产总值：海口（年）,3
国内生产总值：成都（年）,3
国内生产总值：贵阳（年）,3
国内生产总值：昆明（年）,3
国内生产总值：拉萨（年）,3
国内生产总值：西安（年）,3
国内生产总值：兰州（年）,3
国内生产总值：西宁（年）,3
国内生产总值：银川（年）,3
国内生产总值：乌鲁木齐（年）,3
季度国内生产总值：地级市,2
国内生产总值：江苏（季）,3
国内生产总值：浙江（季）,3
国内生产总值：福建,3
国内生产总值：广东（季）,3
年度国内生产总值：地级市,2
国内生产总值：河北（年）,3
国内生产总值：山西（年）,3
国内生产总值：内蒙古（年）,3
国内生产总值：辽宁（年）,3
国内生产总值：吉林（年）,3
国内生产总值：黑龙江（年）,3
国内生产总值：江苏（年）,3
国内生产总值：浙江（年）,3
国内生产总值：安徽（年）,3
国内生产总值：福建（年）,3
国内生产总值：江西（年）,3
国内生产总值：山东（年）,3
国内生产总值：河南（1）（年）,3
国内生产总值：河南（2）（年）,3
国内生产总值：湖北（年）,3
国内生产总值：湖南（年）,3
国内生产总值：广东（1）（年）,3
国内生产总值：广东（2）（年）,3
国内生产总值：广西（年）,3
国内生产总值：海南（年）,3
国内生产总值：四川（年）,3
国内生产总值：贵州（年）,3
国内生产总值：云南（年）,3
国内生产总值：西藏（年）,3
国内生产总值：陕西（年）,3
国内生产总值：甘肃（年）,3
国内生产总值：青海（年）,3
国内生产总值：宁夏（年）,3
国内生产总值：新疆（年）,3
国内生产总值：新疆生产建设兵团（年）,3
年度国内生产总值：县级市,2
国内生产总值：河北（年）,3
国内生产总值：山西（年）,3
国内生产总值：内蒙古（年）,3
国内生产总值：辽宁（年）,3
国内生产总值：吉林（年）,3
国内生产总值：黑龙江（年）,3
国内生产总值：江苏（年）,3
国内生产总值：浙江（年）,3
国内生产总值：安徽（年）,3
国内生产总值：福建（年）,3
国内生产总值：江西（年）,3
国内生产总值：山东（年）,3
国内生产总值：河南（年）,3
国内生产总值：湖北（年）,3
国内生产总值：湖南（年）,3
国内生产总值：广东（年）,3
国内生产总值：广西（年）,3
国内生产总值：海南（年）,3
国内生产总值：四川（1）（年）,3
国内生产总值：四川（2）（年）,3
国内生产总值：贵州（年）,3
国内生产总值：云南（年）,3
国内生产总值：西藏（年）,3
国内生产总值：陕西（年）,3
国内生产总值：甘肃（年）,3
国内生产总值：青海（年）,3
国内生产总值：宁夏（年）,3
国内生产总值：新疆（年）,3
服务业,2
服务业营业收入：分行业（年）,3
服务业：省及直辖市,2
服务业营业收入：分行业：北京（年）,3
服务业营业收入：分行业：天津（年）,3
服务业营业收入：分行业：河北（年）,3
服务业营业收入：分行业：山西（年）,3
服务业营业收入：分行业：内蒙古（年）,3
服务业营业收入：分行业：辽宁（年）,3
服务业营业收入：分行业：吉林（年）,3
服务业营业收入：分行业：黑龙江（年）,3
服务业营业收入：分行业：上海（年）,3
服务业营业收入：分行业：江苏（年）,3
服务业营业收入：分行业：浙江（年）,3
服务业营业收入：分行业：安徽（年）,3
服务业营业收入：分行业：福建（年）,3
服务业营业收入：分行业：江西（年）,3
服务业营业收入：分行业：山东（年）,3
服务业营业收入：分行业：河南（年）,3
服务业营业收入：分行业：湖北（年）,3
服务业营业收入：分行业：湖南（年）,3
服务业营业收入：分行业：广东（年）,3
服务业营业收入：分行业：广西（年）,3
服务业营业收入：分行业：海南（年）,3
服务业营业收入：分行业：重庆（年）,3
服务业营业收入：分行业：四川（年）,3
服务业营业收入：分行业：贵州（年）,3
服务业营业收入：分行业：云南（年）,3
服务业营业收入：分行业：西藏（年）,3
服务业营业收入：分行业：陕西（年）,3
服务业营业收入：分行业：甘肃（年）,3
服务业营业收入：分行业：青海（年）,3
服务业营业收入：分行业：宁夏（年）,3
服务业营业收入：分行业：新疆（年）,3
海洋经济核算,2
海洋生产总值（年）,3
海洋生产总值：沿海省市（年）,3
主要海上活动船舶（年）,3
市场主体统计,2
市场主体统计（月）,3
国家资产负债表（社科院版）,2
国家资产负债表（年）,3
总债务水平（年）,3
分部门资产负债表：居民部门（年）,3
分部门资产负债表：非金融企业部门（年）,3
分部门资产负债表：政府部门（年）,3
投入产出表,2
投入产出基本流量表：中间使用部分（年）,3
投入产出基本流量表：最终使用部分（年）,3
投入产出直接消耗系数表（年）,3
投入产出完全消耗系数表（年）,3
资金流量表,2
资金流量表：实物交易（年）,3
资金流量表：金融交易（年）,3
国际收支,2
国际收支平衡表（BPM6）：美元（季）,3
国际收支平衡表（BPM6）：人民币（季）,3
国际收支平衡表（BPM6）：SDR（季）,3
国际收支平衡表（BPM6）：美元（年）,3
国际收支平衡表（BPM6）：人民币（年）,3
国际收支平衡表（BPM6）：SDR（年）,3
国际收支平衡表：当季,3
国际收支平衡表：经常项目：当季,3
国际收支平衡表：资本和金融项目：当季,3
国际收支平衡表：人民币：当季,3
国际收支平衡表：累计,3
国际收支平衡表：经常项目：累计,3
国际收支平衡表：资本和金融项目：累计,3
国际收支平衡表：人民币：累计,3
国际投资头寸表（BPM6）：美元（季）,3
国际投资头寸表（BPM6）：SDR（季）,3
国际投资头寸表（BPM6）：美元（年）,3
国际投资头寸表（BPM6）：SDR（年）,3
国际投资头寸表（BPM5）：美元（季）,3
对外证券投资资产：分国别（半年）,3
宏观预测,2
宏观预测（月）,3
宏观预测（年）,3
政府经济目标,2
政府经济目标（年）,3
企业绩效评价标准值,2
全国和地方国有企业（年）,3
全国国有企业：华北地区（年）,3
全国国有企业：东北地区（年）,3
全国国有企业：华东地区（年）,3
全国国有企业：中南地区（年）,3
全国国有企业：西南地区（年）,3
全国国有企业：西北地区（年）,3
全国国有企业：第一产业（年）,3
全国国有企业：第二产业（年）,3
全国国有企业：第三产业（年）,3
地方国有企业：第一产业（年）,3
地方国有企业：第二产业（年）,3
地方国有企业：第三产业（年）,3
国际企业：分行业（年）,3
国有资产总量,2
国有资产总量：综合（年）,3
国有资产总量：分行业（年）,3
国有资产总量：综合：分地区（年）,3
国有资产总量：工业：分地区（年）,3
国有资产总量：商业：分地区（年）,3
国有企业资产负债表：综合（年）,3
国有企业资产负债表：分行业（年）,3
国有企业资产负债表：综合：分地区（年）,3
国有企业资产负债表：工业：分地区（年）,3
国有企业资产负债表：商业：分地区（年）,3
工业,1
工业增加值,2
规模以上工业增加值：当月（月）,3
规模以上工业增加值：累计（月）,3
规模以上工业增加值：分行业：当月（月）,3
规模以上工业增加值：分行业：累计（月）,3
产销率及出口交货值（月）,3
出口交货值：分行业：当月（月）,3
出口交货值：分行业：累计（月）,3
工业增加值（年）,3
工业企业经济效益指标,2
工业企业经济效益指标（月）,3
工业企业经济效益指标：按登记注册类型分（月）,3
国有企业主要经济效益指标（月）,3
国有企业主要经济效益指标（年）,3
中央企业主要经济效益指标（年）,3
地方国有企业主要经济效益指标（年）,3
5000户工业企业主要财务指标：央行（月）,3
中央企业经营数据（月）,3
军工经济（季）,3
工业企业主要经济指标：全部从业人员年平均人数（年）,3
工业企业主要经济指标：企业单位数（年）,3
工业企业主要经济指标：工业销售产值（当年价格）（年）,3
工业企业主要经济指标：资产总计（年）,3
工业企业主要经济指标：负债总计（年）,3
工业企业主要经济指标：所有者权益（年）,3
工业企业主要经济指标：主营业务收入（年）,3
工业企业主要经济指标：主营业务成本（年）,3
工业企业主要经济指标：主营业务税金及附加（年）,3
工业企业主要经济指标：销售费用（年）,3
工业企业主要经济指标：管理费用（年）,3
工业企业主要经济指标：财务费用（年）,3
工业企业主要经济指标：投资收益（年）,3
工业企业主要经济指标：营业利润（年）,3
工业企业主要经济指标：利润总额（年）,3
工业企业主要经济指标：亏损企业亏损额（年）,3
工业企业主要经济指标：应交增值税（年）,3
工业企业主要经济指标：应交所得税（年）,3
工业企业主要经济指标：中小企业（年）,3
（停止）工业企业经济效益指标：部分地区（月）,3
（停止）工业企业主要经济指标：工业总产值（年）,3
工业产品产量,2
主要工业产品产量：当月（月）,3
主要工业产品产量：当月同比（月）,3
主要工业产品产量：累计（月）,3
主要工业产品产量：累计同比（月）,3
主要工业产品产量（年）,3
主要工业产品产量居世界位次（年）,3
工业增加值：省及直辖市,2
工业增加值：北京（月）,3
工业增加值：天津（月）,3
工业增加值：河北（月）,3
工业增加值：山西（月）,3
工业增加值：内蒙古（月）,3
工业增加值：辽宁（月）,3
工业增加值：吉林（月）,3
工业增加值：黑龙江（月）,3
工业增加值：上海（月）,3
工业增加值：江苏（月）,3
工业增加值：浙江（月）,3
工业增加值：安徽（月）,3
工业增加值：福建（月）,3
工业增加值：江西（月）,3
工业增加值：山东（月）,3
工业增加值：河南（月）,3
工业增加值：湖北（月）,3
工业增加值：湖南（月）,3
工业增加值：广东（月）,3
工业增加值：广西（月）,3
工业增加值：海南（月）,3
工业增加值：重庆（月）,3
工业增加值：四川（月）,3
工业增加值：贵州（月）,3
工业增加值：云南（月）,3
工业增加值：西藏（月）,3
工业增加值：陕西（月）,3
工业增加值：甘肃（月）,3
工业增加值：青海（月）,3
工业增加值：宁夏（月）,3
工业增加值：新疆（月）,3
工业增加值：省及直辖市（年）,3
（停止）产品销售率：省及直辖市（月）,3
工业企业经济效益指标：分行业,2
工业企业：分行业：营业收入(月),3
工业企业：分行业：主营业务收入(月),3
工业企业：分行业：利润总额（月),3
工业企业：分行业：主营活动利润(月),3
工业企业：分行业：应收账款净额(月),3
工业企业：分行业：产成品(月),3
工业企业：分行业：营业成本(月),3
工业企业：分行业：主营业务成本及税金(月),3
工业企业：分行业：税金总额(月),3
工业企业：分行业：营业费用(月),3
工业企业：分行业：管理费用(月),3
工业企业：分行业：财务费用(月),3
工业企业：分行业：资产合计(月),3
工业企业：分行业：负债合计(月),3
工业企业：分行业：流动资产平均余额(月),3
工业企业：分行业：企业单位数(月),3
工业企业：分行业：全部从业人员平均人数(月),3
工业企业：分行业：产成品资金占用率(月),3
工业企业：分行业：流动资产周转次数(月),3
工业企业：分行业：销售利润率(月),3
工业企业：分行业：资产负债率(月),3
工业企业：分行业：企业单位数(年),3
工业企业：分行业：全部从业人员年平均人数(年),3
工业企业：分行业：资产总计(年),3
工业企业：分行业：流动资产合计(年),3
工业企业：分行业：负债合计(年),3
工业企业：分行业：所有者权益(年),3
工业企业：分行业：主营业务收入(年),3
工业企业：分行业：主营业务成本(年),3
工业企业：分行业：主营业务税金及附加(年),3
工业企业：分行业：利润总额（年),3
工业企业：分行业：本年应交增值税(年),3
工业企业：分行业：总资产贡献率(年),3
工业企业：分行业：资产负债率(年),3
工业企业：分行业：流动资产周转次数(年),3
工业企业：分行业：工业成本费用利润率,3
工业企业：分行业：中小企业(年),3
(停止)工业企业：分行业：工业增加值(年),3
(停止)工业企业：分行业：资金利润率(月),3
(停止)工业企业：分行业：流动资产年平均余额(年),3
(停止)工业企业：分行业：固定资产净值年平均余额(年),3
(停止)工业企业：分行业：工业增加值率(年),3
(停止)工业企业：分行业：固定资产原价(年),3
(停止)工业企业：分行业：工业总产值(年),3
(停止)工业企业：分行业：流动负债合计(年),3
(停止)工业企业：分行业：产品销售率(年),3
工业企业经济效益指标：省及直辖市,2
工业企业效益：北京（月）,3
工业企业效益：天津（月）,3
工业企业效益：河北（月）,3
工业企业效益：山西（月）,3
工业企业效益：内蒙古（月）,3
工业企业效益：辽宁（月）,3
工业企业效益：吉林（月）,3
工业企业效益：黑龙江（月）,3
工业企业效益：上海（月）,3
工业企业效益：江苏（月）,3
工业企业效益：浙江（月）,3
工业企业效益：安徽（月）,3
工业企业效益：福建（月）,3
工业企业效益：江西（月）,3
工业企业效益：山东（月）,3
工业企业效益：河南（月）,3
工业企业效益：湖北（月）,3
工业企业效益：湖南（月）,3
工业企业效益：广东（月）,3
工业企业效益：广西（月）,3
工业企业效益：海南（月）,3
工业企业效益：重庆（月）,3
工业企业效益：四川（月）,3
工业企业效益：贵州（月）,3
工业企业效益：云南（月）,3
工业企业效益：西藏（月）,3
工业企业效益：陕西（月）,3
工业企业效益：甘肃（月）,3
工业企业效益：青海（月）,3
工业企业效益：宁夏（月）,3
工业企业效益：新疆（月）,3
工业企业主要效益指标：分地区（年）,3
工业企业效益：北京（年）,3
工业企业效益：天津（年）,3
工业企业效益：河北（年）,3
工业企业效益：山西（年）,3
工业企业效益：内蒙古（年）,3
工业企业效益：辽宁（年）,3
工业企业效益：吉林（年）,3
工业企业效益：黑龙江（年）,3
工业企业效益：上海（1）（年）,3
工业企业效益：上海（2）（年）,3
工业企业效益：江苏（年）,3
工业企业效益：浙江（年）,3
工业企业效益：安徽（年）,3
工业企业效益：福建（年）,3
工业企业效益：江西（年）,3
工业企业效益：山东（年）,3
工业企业效益：河南（年）,3
工业企业效益：湖北（年）,3
工业企业效益：湖南（年）,3
工业企业效益：广东（年）,3
工业企业效益：广西（年）,3
工业企业效益：海南（年）,3
工业企业效益：重庆（年）,3
工业企业效益：四川（年）,3
工业企业效益：贵州（年）,3
工业企业效益：云南（年）,3
工业企业效益：西藏（年）,3
工业企业效益：陕西（年）,3
工业企业效益：甘肃（年）,3
工业企业效益：青海（年）,3
工业企业效益：宁夏（年）,3
工业企业效益：新疆（年）,3
国家级开发区：上海（年）,3
市级开发区：上海（年）,3
工业企业经济效益指标：分行业：省及直辖市,2
工业企业效益：分行业：北京（月）,3
工业企业效益：分行业：天津（月）,3
工业企业效益：分行业：河北（月）,3
工业企业效益：分行业：山西（月）,3
工业企业效益：分行业：内蒙古（月）,3
工业企业效益：分行业：辽宁（月）,3
工业企业效益：分行业：吉林（月）,3
工业企业效益：分行业：黑龙江（月）,3
工业企业效益：分行业：上海（月）,3
工业企业效益：分行业：江苏（月）,3
工业企业效益：分行业：浙江（月）,3
工业企业效益：分行业：安徽（月）,3
工业企业效益：分行业：福建（月）,3
工业企业效益：分行业：江西（月）,3
工业企业效益：分行业：山东（月）,3
工业企业效益：分行业：河南（月）,3
工业企业效益：分行业：湖北（月）,3
工业企业效益：分行业：湖南（月）,3
工业企业效益：分行业：广东（月）,3
工业企业效益：分行业：广西（月）,3
工业企业效益：分行业：海南（月）,3
工业企业效益：分行业：重庆（月）,3
工业企业效益：分行业：四川（月）,3
工业企业效益：分行业：贵州（月）,3
工业企业效益：分行业：云南（月）,3
工业企业效益：分行业：西藏（月）,3
工业企业效益：分行业：陕西（月）,3
工业企业效益：分行业：甘肃（月）,3
工业企业效益：分行业：青海（月）,3
工业企业效益：分行业：宁夏（月）,3
工业企业效益：分行业：新疆（月）,3
工业企业效益：分行业：北京（年）,3
工业企业效益：分行业：天津（年）,3
工业企业效益：分行业：河北（年）,3
工业企业效益：分行业：山西（年）,3
工业企业效益：分行业：内蒙古（年）,3
工业企业效益：分行业：辽宁（年）,3
工业企业效益：分行业：吉林（年）,3
工业企业效益：分行业：黑龙江（年）,3
工业企业效益：分行业：上海（年）,3
工业企业效益：分行业：江苏（年）,3
工业企业效益：分行业：浙江（年）,3
工业企业效益：分行业：安徽（年）,3
工业企业效益：分行业：福建（年）,3
工业企业效益：分行业：江西（年）,3
工业企业效益：分行业：山东（年）,3
工业企业效益：分行业：河南（年）,3
工业企业效益：分行业：湖北（年）,3
工业企业效益：分行业：湖南（年）,3
工业企业效益：分行业：广东（年）,3
工业企业效益：分行业：广西（年）,3
工业企业效益：分行业：海南（年）,3
工业企业效益：分行业：重庆（年）,3
工业企业效益：分行业：四川（年）,3
工业企业效益：分行业：贵州（年）,3
工业企业效益：分行业：云南（年）,3
工业企业效益：分行业：西藏（年）,3
工业企业效益：分行业：陕西（年）,3
工业企业效益：分行业：甘肃（年）,3
工业企业效益：分行业：青海（年）,3
工业企业效益：分行业：宁夏（年）,3
工业企业效益：分行业：新疆（年）,3
工业企业效益：分行业：经济区（年）,3
工业：省会和计划单列市,2
工业：石家庄（月）,3
工业：太原（月）,3
工业：呼和浩特（月）,3
工业：沈阳（月）,3
工业：大连（月）,3
工业：长春（月）,3
工业：哈尔滨（月）,3
工业：南京（月）,3
工业：杭州（月）,3
工业：宁波（月）,3
工业：合肥（月）,3
工业：福州（月）,3
工业：厦门（月）,3
工业：南昌（月）,3
工业：济南（月）,3
工业：青岛（月）,3
工业：郑州（月）,3
工业：武汉（月）,3
工业：长沙（月）,3
工业：广州（月）,3
工业：深圳（月）,3
工业：南宁（月）,3
工业：海口（月）,3
工业：成都（月）,3
工业：贵阳（月）,3
工业：昆明（月）,3
工业：西安（月）,3
工业：兰州（月）,3
工业：西宁（月）,3
工业：银川（月）,3
工业：乌鲁木齐（月）,3
工业：省会和计划单列市（年）,3
月度工业：地级市,2
工业：江苏（月）,3
工业：浙江（月）,3
工业：福建（月）,3
工业：广东（月）,3
年度工业：地级市,2
工业：河北（年）,3
工业：山西（年）,3
工业：内蒙古（年）,3
工业：辽宁（年）,3
工业：吉林（年）,3
工业：黑龙江（年）,3
工业：江苏（年）,3
工业：浙江（年）,3
工业：安徽（年）,3
工业：福建（年）,3
工业：江西（年）,3
工业：山东（年）,3
工业：河南（年）,3
工业：湖北（年）,3
工业：湖南（年）,3
工业：广东（年）,3
工业：广西（年）,3
工业：海南（年）,3
工业：四川（年）,3
工业：贵州（年）,3
工业：云南（年）,3
工业：陕西（年）,3
工业：甘肃（年）,3
工业：宁夏（年）,3
工业：新疆（年）,3
年度工业：县级市,2
工业：河北（年）,3
工业：山西（年）,3
工业：内蒙古（年）,3
工业：辽宁（年）,3
工业：吉林（年）,3
工业：黑龙江（年）,3
工业：江苏（年）,3
工业：浙江（年）,3
工业：安徽（年）,3
工业：福建（年）,3
工业：江西（年）,3
工业：山东（年）,3
工业：河南（年）,3
工业：湖北（年）,3
工业：湖南（年）,3
工业：广东（年）,3
工业：广西（年）,3
工业：海南（年）,3
工业：四川（年）,3
工业：贵州（年）,3
工业：云南（年）,3
工业：西藏（年）,3
工业：陕西（年）,3
工业：甘肃（年）,3
工业：青海（年）,3
工业：宁夏（年）,3
工业：新疆（年）,3
价格指数,1
居民消费价格指数（CPI）,2
CPI：当月同比（月）,3
CPI：上年=100：当月同比（月）,3
CPI：环比（月）,3
CPI：上月=100：环比（月）,3
CPI：累计同比（月）,3
CPI：上年=100：累计同比：（月）,3
城市CPI：当月同比（月）,3
城市CPI：上年=100：当月同比（月）,3
城市CPI：环比（月）,3
城市CPI：上月=100：环比（月）,3
城市CPI：累计同比（月）,3
城市CPI：上年=100：累计同比：（月）,3
农村CPI：当月同比（月）,3
农村CPI：上年=100：当月同比（月）,3
农村CPI：环比（月）,3
农村CPI：上月=100：环比（月）,3
农村CPI：累计同比（月）,3
农村CPI：上年=100：累计同比：（月）,3
CPI：衍生指标,3
CPI（年）,3
城市CPI（年）,3
农村CPI（年）,3
CPI：定基数,3
CPI：权重（年）,3
中国富豪消费价格指数,3
商品零售价格指数（RPI）,2
RPI：当月同比（月）,3
RPI：上年=100：当月同比（月）,3
RPI：环比（月）,3
RPI：上月=100：环比（月）,3
RPI：累计同比（月）,3
RPI：上年=100：累计同比：（月）,3
城市RPI：当月同比（月）,3
城市RPI：上年=100：当月同比（月）,3
城市RPI：环比（月）,3
城市RPI：上月=100：环比（月）,3
城市RPI：累计同比（月）,3
城市RPI：上年=100：累计同比：（月）,3
农村RPI：当月同比（月）,3
农村RPI：上年=100：当月同比（月）,3
农村RPI：环比（月）,3
农村RPI：上月=100：环比（月）,3
农村RPI：累计同比（月）,3
农村RPI：上年=100：累计同比：（月）,3
RPI（年）,3
城市RPI（年）,3
农村RPI（年）,3
工业生产者出厂价格指数（PPI）,2
PPI：按大类分（月）,3
PPI：按大类分：上年=100（月）,3
PPI：按工业部门分：当月同比（月）,3
PPI：按工业部门分：上年=100：当月同比（月）,3
PPI：按工业行业分：当月同比（月）,3
PPI：按工业行业分：上年=100：当月同比（月）,3
PPI：按工业行业分：环比（月）,3
PPI：按工业行业分：上月=100：环比（月）,3
PPI：按工业行业分：累计同比（月）,3
PPI：按工业行业分：上年=100：累计同比（月）,3
PPI：按大类分（年）,3
PPI：按工业部门分（年）,3
PPI：按工业行业分（年）,3
PPI：衍生指标,3
工业生产者购进价格指数（PPIRM）,2
PPIRM（月）,3
PPIRM：上期=100（月）,3
PPIRM（年）,3
企业商品价格指数（CGPI）,2
CGPI（月）,3
固定资产投资价格指数,2
固定资产投资价格指数（季）,3
固定资产投资价格指数（年）,3
农业生产资料价格分类指数,2
农业生产资料价格指数（月）,3
农业生产资料价格定基指数（月）,3
农业生产资料价格指数（年）,3
农业生产资料价格定基指数（年）,3
农产品集贸市场价格指数,2
农产品集贸市场价格指数（月）,3
进出口价格指数,2
出口价格指数：HS2分类（月）,3
出口价格指数：HS2分类：细项（月）,3
进口价格指数：HS2分类（月）,3
进口价格指数：HS2分类：细项（月）,3
出口价格指数：SITC2分类（月）,3
进口价格指数：SITC2分类（月）,3
出口价格指数：BEC分类（月）,3
进口价格指数：BEC分类（月）,3
出口价格指数：国民经济统计行业分类（月）,3
进口价格指数：国民经济统计行业分类（月）,3
流通领域生产资料价格,2
流通领域重要生产资料价格,3
居民消费价格指数（CPI）：省及直辖市,2
CPI：北京（月）,3
CPI：天津（月）,3
CPI：河北（月）,3
CPI：山西（月）,3
CPI：内蒙古（月）,3
CPI：辽宁（月）,3
CPI：吉林（月）,3
CPI：黑龙江（月）,3
CPI：上海（月）,3
CPI：江苏（月）,3
CPI：浙江（月）,3
CPI：安徽（月）,3
CPI：福建（月）,3
CPI：江西（月）,3
CPI：山东（月）,3
CPI：河南（月）,3
CPI：湖北（月）,3
CPI：湖南（月）,3
CPI：广东（月）,3
CPI：广西（月）,3
CPI：海南（月）,3
CPI：重庆（月）,3
CPI：四川（月）,3
CPI：贵州（月）,3
CPI：云南（月）,3
CPI：西藏（月）,3
CPI：陕西（月）,3
CPI：甘肃（月）,3
CPI：青海（月）,3
CPI：宁夏（月）,3
CPI：新疆（月）,3
CPI：北京（年）,3
CPI：天津（年）,3
CPI：河北（年）,3
CPI：山西（年）,3
CPI：内蒙古（年）,3
CPI：辽宁（年）,3
CPI：吉林（年）,3
CPI：黑龙江（年）,3
CPI：上海（年）,3
CPI：江苏（年）,3
CPI：浙江（年）,3
CPI：安徽（年）,3
CPI：福建（年）,3
CPI：江西（年）,3
CPI：山东（年）,3
CPI：河南（年）,3
CPI：湖北（年）,3
CPI：湖南（年）,3
CPI：广东（年）,3
CPI：广西（年）,3
CPI：海南（年）,3
CPI：重庆（年）,3
CPI：四川（年）,3
CPI：贵州（年）,3
CPI：云南（年）,3
CPI：西藏（年）,3
CPI：陕西（年）,3
CPI：甘肃（年）,3
CPI：青海（年）,3
CPI：宁夏（年）,3
CPI：新疆（年）,3
商品零售价格指数（RPI）：省及直辖市,2
RPI：北京（月）,3
RPI：天津（月）,3
RPI：河北（月）,3
RPI：山西（月）,3
RPI：内蒙古（月）,3
RPI：辽宁（月）,3
RPI：吉林（月）,3
RPI：黑龙江（月）,3
RPI：上海（月）,3
RPI：江苏（月）,3
RPI：浙江（月）,3
RPI：安徽（月）,3
RPI：福建（月）,3
RPI：江西（月）,3
RPI：山东（月）,3
RPI：河南（月）,3
RPI：湖北（月）,3
RPI：湖南（月）,3
RPI：广东（月）,3
RPI：广西（月）,3
RPI：海南（月）,3
RPI：重庆（月）,3
RPI：四川（月）,3
RPI：贵州（月）,3
RPI：云南（月）,3
RPI：西藏（月）,3
RPI：陕西（月）,3
RPI：甘肃（月）,3
RPI：青海（月）,3
RPI：宁夏（月）,3
RPI：新疆（月）,3
RPI：北京（年）,3
RPI：天津（年）,3
RPI：河北（年）,3
RPI：山西（年）,3
RPI：内蒙古（年）,3
RPI：辽宁（年）,3
RPI：吉林（年）,3
RPI：黑龙江（年）,3
RPI：上海（年）,3
RPI：江苏（年）,3
RPI：浙江（年）,3
RPI：安徽（年）,3
RPI：福建（年）,3
RPI：江西（年）,3
RPI：山东（年）,3
RPI：河南（年）,3
RPI：湖北（年）,3
RPI：湖南（年）,3
RPI：广东（年）,3
RPI：广西（年）,3
RPI：海南（年）,3
RPI：重庆（年）,3
RPI：四川（年）,3
RPI：贵州（年）,3
RPI：云南（年）,3
RPI：西藏（年）,3
RPI：陕西（年）,3
RPI：甘肃（年）,3
RPI：青海（年）,3
RPI：宁夏（年）,3
RPI：新疆（年）,3
工业生产者出厂价格指数（PPI）：省及直辖市,2
PPI：北京（月）,3
PPI：天津（月）,3
PPI：河北（月）,3
PPI：山西（月）,3
PPI：内蒙古（月）,3
PPI：辽宁（月）,3
PPI：吉林（月）,3
PPI：黑龙江（月）,3
PPI：上海（月）,3
PPI：江苏（月）,3
PPI：浙江（月）,3
PPI：安徽（月）,3
PPI：福建（月）,3
PPI：江西（月）,3
PPI：山东（月）,3
PPI：河南（月）,3
PPI：湖北（月）,3
PPI：湖南（月）,3
PPI：广东（月）,3
PPI：广西（月）,3
PPI：海南（月）,3
PPI：重庆（月）,3
PPI：四川（月）,3
PPI：贵州（月）,3
PPI：云南（月）,3
PPI：西藏（月）,3
PPI：陕西（月）,3
PPI：甘肃（月）,3
PPI：青海（月）,3
PPI：宁夏（月）,3
PPI：新疆（月）,3
PPI：北京（年）,3
PPI：天津（年）,3
PPI：河北（年）,3
PPI：山西（年）,3
PPI：内蒙古（年）,3
PPI：辽宁（年）,3
PPI：吉林（年）,3
PPI：黑龙江（年）,3
PPI：上海（年）,3
PPI：江苏（年）,3
PPI：浙江（年）,3
PPI：安徽（年）,3
PPI：福建（年）,3
PPI：江西（年）,3
PPI：山东（年）,3
PPI：河南（年）,3
PPI：湖北（年）,3
PPI：湖南（年）,3
PPI：广东（年）,3
PPI：广西（年）,3
PPI：海南（年）,3
PPI：重庆（年）,3
PPI：四川（年）,3
PPI：贵州（年）,3
PPI：云南（年）,3
PPI：西藏（年）,3
PPI：陕西（年）,3
PPI：甘肃（年）,3
PPI：青海（年）,3
PPI：宁夏（年）,3
PPI：新疆（年）,3
固定资产投资价格指数：省及直辖市,2
固定资产投资价格指数：省及直辖市（季）,3
固定资产投资价格指数：分项：省及直辖市（季）,3
固定资产投资价格指数：省及直辖市（年）,3
固定资产投资价格指数：分项：省及直辖市（年）,3
农业生产资料价格分类指数：省及直辖市,2
农业生产资料价格指数：河北（月）,3
农业生产资料价格指数：山西（月）,3
农业生产资料价格指数：内蒙古（月）,3
农业生产资料价格指数：辽宁（月）,3
农业生产资料价格指数：吉林（月）,3
农业生产资料价格指数：黑龙江（月）,3
农业生产资料价格指数：江苏（月）,3
农业生产资料价格指数：浙江（月）,3
农业生产资料价格指数：安徽（月）,3
农业生产资料价格指数：福建（月）,3
农业生产资料价格指数：江西（月）,3
农业生产资料价格指数：山东（月）,3
农业生产资料价格指数：河南（月）,3
农业生产资料价格指数：湖北（月）,3
农业生产资料价格指数：湖南（月）,3
农业生产资料价格指数：广东（月）,3
农业生产资料价格指数：广西（月）,3
农业生产资料价格指数：海南（月）,3
农业生产资料价格指数：四川（月）,3
农业生产资料价格指数：贵州（月）,3
农业生产资料价格指数：云南（月）,3
农业生产资料价格指数：西藏（月）,3
农业生产资料价格指数：陕西（月）,3
农业生产资料价格指数：甘肃（月）,3
农业生产资料价格指数：青海（月）,3
农业生产资料价格指数：宁夏（月）,3
农业生产资料价格指数：新疆（月）,3
农业生产资料价格指数：河北（年）,3
农业生产资料价格指数：山西（年）,3
农业生产资料价格指数：内蒙古（年）,3
农业生产资料价格指数：辽宁（年）,3
农业生产资料价格指数：吉林（年）,3
农业生产资料价格指数：黑龙江（年）,3
农业生产资料价格指数：江苏（年）,3
农业生产资料价格指数：浙江（年）,3
农业生产资料价格指数：安徽（年）,3
农业生产资料价格指数：福建（年）,3
农业生产资料价格指数：江西（年）,3
农业生产资料价格指数：山东（年）,3
农业生产资料价格指数：河南（年）,3
农业生产资料价格指数：湖北（年）,3
农业生产资料价格指数：湖南（年）,3
农业生产资料价格指数：广东（年）,3
农业生产资料价格指数：广西（年）,3
农业生产资料价格指数：海南（年）,3
农业生产资料价格指数：四川（年）,3
农业生产资料价格指数：贵州（年）,3
农业生产资料价格指数：云南（年）,3
农业生产资料价格指数：西藏（年）,3
农业生产资料价格指数：陕西（年）,3
农业生产资料价格指数：甘肃（年）,3
农业生产资料价格指数：青海（年）,3
农业生产资料价格指数：宁夏（年）,3
农业生产资料价格指数：新疆（年）,3
36个大中城市居民消费价格指数（CPI）,2
36个大中城市CPI（月）,3
CPI：北京（月）,3
CPI：天津（月）,3
CPI：石家庄（月）,3
CPI：太原（月）,3
CPI：呼和浩特（月）,3
CPI：沈阳（月）,3
CPI：大连（月）,3
CPI：长春（月）,3
CPI：哈尔滨（月）,3
CPI：上海（月）,3
CPI：南京（月）,3
CPI：杭州（月）,3
CPI：宁波（月）,3
CPI：合肥（月）,3
CPI：福州（月）,3
CPI：厦门（月）,3
CPI：南昌（月）,3
CPI：济南（月）,3
CPI：青岛（月）,3
CPI：郑州（月）,3
CPI：武汉（月）,3
CPI：长沙（月）,3
CPI：广州（月）,3
CPI：深圳（月）,3
CPI：南宁（月）,3
CPI：海口（月）,3
CPI：重庆（月）,3
CPI：成都（月）,3
CPI：贵阳（月）,3
CPI：昆明（月）,3
CPI：拉萨（月）,3
CPI：西安（月）,3
CPI：兰州（月）,3
CPI：西宁（月）,3
CPI：银川（月）,3
CPI：乌鲁木齐（月）,3
36个大中城市商品零售价格指数（RPI）,2
36个大中城市商品零售价格指数（RPI）（月）,3
36个大中城市居民服务价格,2
36个大中城市居民服务价格（月）,3
36个大中城市日用工业消费品平均价格,2
36个大中城市日用工业消费品平均价格,3
价格指数：省会和计划单列市,2
价格指数：石家庄（月）,3
价格指数：太原（月）,3
价格指数：呼和浩特（月）,3
价格指数：沈阳（月）,3
价格指数：大连（月）,3
价格指数：长春（月）,3
价格指数：哈尔滨（月）,3
价格指数：南京（月）,3
价格指数：杭州（月）,3
价格指数：宁波（月）,3
价格指数：合肥（月）,3
价格指数：福州（月）,3
价格指数：厦门（月）,3
价格指数：济南（月）,3
价格指数：青岛（月）,3
价格指数：郑州（月）,3
价格指数：武汉（月）,3
价格指数：长沙（月）,3
价格指数：广州（月）,3
价格指数：深圳（月）,3
价格指数：南宁（月）,3
价格指数：海口（月）,3
价格指数：成都（月）,3
价格指数：贵阳（月）,3
价格指数：西安（月）,3
价格指数：兰州（月）,3
价格指数：西宁（月）,3
价格指数：银川（月）,3
价格指数：地级市,2
价格指数：江苏（月）,3
价格指数：浙江（月）,3
价格指数：福建（月）,3
价格指数：广东（月）,3
价格指数：商务部,2
食用农产品价格指数（周）,3
生产资料价格指数（周）,3
大宗商品价格指数（周）,3
大宗商品价格指数（月）,3
对外贸易及投资,1
进出口贸易,2
进出口贸易（月）,3
进出口贸易：按贸易方式（月）,3
海关货运监管业务（月）,3
主要出口商品（月）,3
主要进口商品（月）,3
高新技术产品和机电产品：出口金额（月）,3
高新技术产品和机电产品：进口金额（月）,3
出口金额：HS分类（月）,3
进口金额：HS分类（月）,3
出口金额：SITC分类（月）,3
进口金额：SITC分类（月）,3
关税配额商品进口数量和金额（月）,3
国际货物和服务贸易：人民币（月）,3
国际货物和服务贸易：美元（月）,3
进出口贸易：（年）,3
服务贸易（年）,3
主要出口商品：农产品（年）,3
主要出口商品：矿产品（年）,3
主要出口商品：化工造纸建材（年）,3
主要出口商品：纺织品（年）,3
主要出口商品：钢铁及有色金属（年）,3
主要出口商品：机电产品（年）,3
主要出口商品：其他产品（年）,3
主要进口商品：农产品（年）,3
主要进口商品：矿产品（年）,3
主要进口商品：化工产品（年）,3
主要进口商品：钢铁及有色金属（年）,3
主要进口商品：机电产品（年）,3
关税配额商品进口数量和金额（年）,3
（停止）海关税收（月）,3
（停止）进出口贸易：按企业类型（月）,3
进出口贸易：分国家及地区,2
进出口贸易：美欧日（月）,3
进出口贸易：各大洲及国际组织（月）,3
进出口贸易：港澳台（月）,3
进出口贸易：东亚（月）,3
进出口贸易：东南亚（月）,3
进出口贸易：南亚（月）,3
进出口贸易：中亚（月）,3
进出口贸易：西亚（月）,3
进出口贸易：北非（月）,3
进出口贸易：西非（月）,3
进出口贸易：中非（月）,3
进出口贸易：东非（月）,3
进出口贸易：南非（月）,3
进出口贸易：非洲其他国家（月）,3
进出口贸易：北欧（月）,3
进出口贸易：中欧（月）,3
进出口贸易：西欧（月）,3
进出口贸易：东欧（月）,3
进出口贸易：南欧（月）,3
进出口贸易：独联体各国：欧洲部分（月）,3
进出口贸易：欧洲其他国际（月）,3
进出口贸易：北美洲（月）,3
进出口贸易：中美洲（月）,3
进出口贸易：加勒比主要国家及地区（月）,3
进出口贸易：加勒比其他国家及地区（月）,3
进出口贸易：南美洲（月）,3
进出口贸易：拉丁美洲其他国家（月）,3
进出口贸易：大洋洲及太平洋群岛（月）,3
进出口贸易：太平洋群岛其他国家（月）,3
进出口贸易：HS分类：美国（月）,3
进出口贸易：HS分类： 日本（月）,3
进出口贸易：HS分类：欧盟（月）,3
进出口贸易：HS分类：中国香港（月）,3
进出口贸易：HS分类：中国台湾（月）,3
进出口贸易：HS分类：韩国（月）,3
进出口贸易：HS分类：泰国（月）,3
进出口贸易：HS分类：菲律宾（月）,3
进出口贸易：HS分类：越南（月）,3
进出口贸易：HS分类：马来西亚（月）,3
进出口贸易：HS分类：新加坡（月）,3
进出口贸易：HS分类：印尼（月）,3
进出口贸易：HS分类：缅甸（月）,3
进出口贸易：HS分类：印度（月）,3
进出口贸易：HS分类：巴西（月）,3
进出口贸易：HS分类：俄罗斯（月）,3
进出口贸易：HS分类：德国（月）,3
进出口贸易：HS分类：法国（月）,3
进出口贸易：HS分类：英国（月）,3
进出口贸易：HS分类：加拿大（月）,3
进出口贸易：HS分类：澳大利亚（月）,3
进出口贸易：HS分类：南非（月）,3
进出口贸易：HS分类：沙特（月）,3
进出口贸易：HS分类：阿联酋（月）,3
进出口贸易：HS分类：阿曼（月）,3
进出口贸易：HS分类：伊朗（月）,3
进出口贸易：HS分类：土耳其（月）,3
进出口贸易：国外统计数据,3
进出口贸易：省及直辖市,2
进出口贸易：北京（月）,3
进出口贸易：天津（月）,3
进出口贸易：河北（月）,3
进出口贸易：山西（月）,3
进出口贸易：内蒙古（月）,3
进出口贸易：辽宁（月）,3
进出口贸易：吉林（月）,3
进出口贸易：黑龙江（月）,3
进出口贸易：上海（月）,3
进出口贸易：江苏（月）,3
进出口贸易：浙江（月）,3
进出口贸易：安徽（月）,3
进出口贸易：福建（月）,3
进出口贸易：江西（月）,3
进出口贸易：山东（月）,3
进出口贸易：河南（月）,3
进出口贸易：湖北（月）,3
进出口贸易：湖南（月）,3
进出口贸易：广东（月）,3
进出口贸易：广西（月）,3
进出口贸易：海南（月）,3
进出口贸易：重庆（月）,3
进出口贸易：四川（月）,3
进出口贸易：贵州（月）,3
进出口贸易：云南（月）,3
进出口贸易：西藏（月）,3
进出口贸易：陕西（月）,3
进出口贸易：甘肃（月）,3
进出口贸易：青海（月）,3
进出口贸易：宁夏（月）,3
进出口贸易：新疆（月）,3
海关关区进出口金额：人民币（月）,3
海关关区出口金额：人民币（月）,3
海关关区进口金额：人民币（月）,3
海关关区出口金额：累计（月）,3
海关关区进口金额：累计（月）,3
特定地区进出口金额：人民币（月）,3
特定地区出口金额：人民币（月）,3
特定地区进口金额：人民币（月）,3
进出口贸易：北京（年）,3
进出口贸易：天津（年）,3
进出口贸易：河北（年）,3
进出口贸易：山西（年）,3
进出口贸易：内蒙古（年）,3
进出口贸易：辽宁（年）,3
进出口贸易：吉林（年）,3
进出口贸易：黑龙江（年）,3
进出口贸易：上海（年）,3
进出口贸易：江苏（年）,3
进出口贸易：浙江（年）,3
进出口贸易：安徽（年）,3
进出口贸易：福建（年）,3
进出口贸易：江西（年）,3
进出口贸易：山东（年）,3
进出口贸易：河南（年）,3
进出口贸易：湖北（年）,3
进出口贸易：湖南（年）,3
进出口贸易：广东（年）,3
进出口贸易：广西（年）,3
进出口贸易：海南（年）,3
进出口贸易：重庆（年）,3
进出口贸易：四川（年）,3
进出口贸易：贵州（年）,3
进出口贸易：云南（年）,3
进出口贸易：西藏（年）,3
进出口贸易：陕西（年）,3
进出口贸易：甘肃（年）,3
进出口贸易：青海（年）,3
进出口贸易：宁夏（年）,3
进出口贸易：新疆（年）,3
进出口贸易：经济区（年）,3
（停止）重点城市出口金额（月）,3
外商直接投资（FDI）,2
外商直接投资（月）,3
外商直接投资：分行业（月）,3
外商直接投资（年）,3
外商直接投资：分行业（年）,3
外商投资企业注册登记情况（年）,3
外商投资企业注册登记情况：分行业（年）,3
外商直接投资：来源地：亚洲（年）,3
外商直接投资：来源地：非洲（年）,3
外商直接投资：来源地：欧洲（年）,3
外商直接投资：来源地：北美洲（年）,3
外商直接投资：来源地：拉丁美洲（年）,3
外商直接投资：来源地：大洋洲（年）,3
外商投资企业：企业数及投资总额：分地区（年）,3
外商投资企业：注册资本：分地区（年）,3
对外直接投资：国外统计数据,3
对外投资和经济合作,2
对外直接投资（月）,3
对外经济合作（月）,3
对外直接投资（年）,3
对外经济合作（年）,3
对世界主要经济体直接投资（年）,3
境内投资者构成和境外企业分布（年）,3
对外直接投资：按非金融类行业分（年）,3
对外直接投资：分国家及地区（年）,3
对外承包工程：合同数量和金额：分国家及地区（年）,3
对外承包工程：营业额和在外人员：分国家及地区（年）,3
对外劳务合作：在外人员：分国家及地区（年）,3
中国对外贸易指数,2
出口价格指数：HS2分类（月）,3
出口价格指数：HS2分类：细项（月）,3
出口数量指数：HS2分类（月）,3
出口数量指数：HS2分类：细项（月）,3
出口价值指数：HS2分类（月）,3
出口价值指数：HS2分类：细项（月）,3
进口价值指数：HS2分类（月）,3
进口价值指数：HS2分类：细项（月）,3
进口数量指数：HS2分类（月）,3
进口数量指数：HS2分类：细项（月）,3
进口价值指数：HS2分类（月）,3
进口价值指数：HS2分类：细项（月）,3
出口价格指数：SITC2分类（月）,3
出口数量指数：SITC2分类（月）,3
出口价值指数：SITC2分类（月）,3
进口价格指数：SITC2分类（月）,3
进口数量指数：SITC2分类（月）,3
进口价值指数：SITC2分类（月）,3
出口价格指数：BEC分类（月）,3
出口数量指数：BEC分类（月）,3
出口价值指数：BEC分类（月）,3
进口价格指数：BEC分类（月）,3
进口数量指数：BEC分类（月）,3
进口数量指数：BEC分类（月）,3
出口价格指数：国民经济统计行业分类（月）,3
出口数量指数：国民经济统计行业分类（月）,3
出口价值指数：国民经济统计行业分类（月）,3
进口价格指数：国民经济统计行业分类（月）,3
进口数量指数：国民经济统计行业分类（月）,3
进口价值指数：国民经济统计行业分类（月）,3
外贸出口先导指数（月）,3
短期出口贸易信用风险指数（ERI）（季）,3
进出口商品交易会,2
广交会统计（半年）,3
华交会统计（年）,3
投洽会统计（年）,3
服务外包,2
服务外包（月）,3
服务外包（季）,3
服务外包（年）,3
对外贸易及投资：省会和计划单列市,2
对外贸易及投资：石家庄（月）,3
对外贸易及投资：太原（月）,3
对外贸易及投资：呼和浩特（月）,3
对外贸易及投资：沈阳（月）,3
对外贸易及投资：大连（月）,3
对外贸易及投资：长春（月）,3
对外贸易及投资：哈尔滨（月）,3
对外贸易及投资：南京（月）,3
对外贸易及投资：杭州（月）,3
对外贸易及投资：宁波（月）,3
对外贸易及投资：合肥（月）,3
对外贸易及投资：福州（月）,3
对外贸易及投资：厦门（月）,3
对外贸易及投资：南昌（月）,3
对外贸易及投资：济南（月）,3
对外贸易及投资：青岛（月）,3
对外贸易及投资：郑州（月）,3
对外贸易及投资：武汉（月）,3
对外贸易及投资：长沙（月）,3
对外贸易及投资：广州（月）,3
对外贸易及投资：深圳（月）,3
对外贸易及投资：南宁（月）,3
对外贸易及投资：海口（月）,3
对外贸易及投资：成都（月）,3
对外贸易及投资：贵阳（月）,3
对外贸易及投资：西安（月）,3
对外贸易及投资：西宁（月）,3
对外贸易及投资：省会和计划单列市（年）,3
月度对外贸易及投资：地级市,2
对外贸易及投资：江苏（月）,3
对外贸易及投资：浙江（月）,3
对外贸易及投资：福建（月）,3
对外贸易及投资：广东（月）,3
年度对外贸易及投资：地级市,2
对外贸易及投资：河北（年）,3
对外贸易及投资：山西（年）,3
对外贸易及投资：内蒙古（年）,3
对外贸易及投资：辽宁（年）,3
对外贸易及投资：吉林（年）,3
对外贸易及投资：黑龙江（年）,3
对外贸易及投资：江苏（年）,3
对外贸易及投资：浙江（年）,3
对外贸易及投资：安徽（年）,3
对外贸易及投资：福建（年）,3
对外贸易及投资：江西（年）,3
对外贸易及投资：山东（年）,3
对外贸易及投资：河南（年）,3
对外贸易及投资：湖北（年）,3
对外贸易及投资：湖南（年）,3
对外贸易及投资：广东（年）,3
对外贸易及投资：广西（年）,3
对外贸易及投资：海南（年）,3
对外贸易及投资：四川（年）,3
对外贸易及投资：贵州（年）,3
对外贸易及投资：云南（年）,3
对外贸易及投资：西藏（年）,3
对外贸易及投资：陕西（年）,3
对外贸易及投资：甘肃（年）,3
对外贸易及投资：青海（年）,3
对外贸易及投资：宁夏（年）,3
对外贸易及投资：新疆（年）,3
年度对外贸易及投资：县级市,2
对外贸易及投资：河北（年）,3
对外贸易及投资：山西（年）,3
对外贸易及投资：内蒙古（年）,3
对外贸易及投资：辽宁（年）,3
对外贸易及投资：吉林（年）,3
对外贸易及投资：黑龙江（年）,3
对外贸易及投资：江苏（年）,3
对外贸易及投资：浙江（年）,3
对外贸易及投资：安徽（年）,3
对外贸易及投资：福建（年）,3
对外贸易及投资：江西（年）,3
对外贸易及投资：山东（年）,3
对外贸易及投资：河南（年）,3
对外贸易及投资：湖北（年）,3
对外贸易及投资：湖南（年）,3
对外贸易及投资：广东（年）,3
对外贸易及投资：广西（年）,3
对外贸易及投资：海南（年）,3
对外贸易及投资：四川（年）,3
对外贸易及投资：贵州（年）,3
对外贸易及投资：云南（年）,3
对外贸易及投资：陕西（年）,3
对外贸易及投资：甘肃（年）,3
对外贸易及投资：宁夏（年）,3
对外贸易及投资：新疆（年）,3
外商直接投资（FDI）：省及直辖市,2
外商直接投资：上海（月）,3
外商直接投资：北京（年）,3
外商直接投资：天津（年）,3
外商直接投资：河北（年）,3
外商直接投资：山西（年）,3
外商直接投资：内蒙古（年）,3
外商直接投资：辽宁（年）,3
外商直接投资：吉林（年）,3
外商直接投资：黑龙江（年）,3
外商直接投资：上海（年）,3
外商直接投资：江苏（年）,3
外商直接投资：浙江（年）,3
外商直接投资：安徽（年）,3
外商直接投资：福建（年）,3
外商直接投资：江西（年）,3
外商直接投资：山东（年）,3
外商直接投资：河南（年）,3
外商直接投资：湖北（年）,3
外商直接投资：湖南（年）,3
外商直接投资：广东（年）,3
外商直接投资：广西（年）,3
外商直接投资：海南（年）,3
外商直接投资：重庆（年）,3
外商直接投资：四川（年）,3
外商直接投资：贵州（年）,3
外商直接投资：云南（年）,3
外商直接投资：西藏（年）,3
外商直接投资：陕西（年）,3
外商直接投资：甘肃（年）,3
外商直接投资：青海（年）,3
外商直接投资：宁夏（年）,3
外商直接投资：新疆（年）,3
外商直接投资：经济区（年）,3
对外投资和经济合作：省及直辖市,2
对外直接投资：省及直辖市（年）,3
对外经济合作：省及直辖市（年）,3
固定资产投资,1
固定资产投资完成额,2
固定资产投资完成额（月）,3
固定资产投资完成额：按建设性质分（月）,3
固定资产投资完成额：按构成分（月）,3
固定资产投资完成额：按登记注册类型分（月）,3
固定资产投资完成额：按区域分（月）,3
民间固定资产投资完成额（月）,3
固定资产投资完成额：按构成分（年）,3
固定资产投资完成额：按建设性质分（年）,3
全社会固定资产投资完成额（年）,3
城市市政公用设施建设固定资产投资完成额（年）,3
（停止）全社会固定资产投资完成额（季）,3
固定资产投资完成额：分行业,2
固定资产投资完成额：分行业（月）,3
固定资产投资完成额：分行业：同比（月）,3
民间固定资产投资完成额：分行业（月）,3
固定资产投资完成额：分行业（年）,3
固定资产投资完成额：分行业小类（1）（年）,3
固定资产投资完成额：分行业小类（2）（年）,3
固定资产投资完成额：分行业小类（3）（年）,3
新增固定资产投资：分行业（年）,3
固定资产投资完成额：建设总规模：分行业（年）,3
固定资产投资完成额：建设总规模：分行业小类（1）（年）,3
固定资产投资完成额：建设总规模：分行业小类（2）（年）,3
固定资产投资完成额：建设总规模：分行业小类（3）（年）,3
固定资产投资完成额：在建总规模：分行业（年）,3
固定资产投资完成额：在建总规模：分行业小类（1）（年）,3
固定资产投资完成额：在建总规模：分行业小类（2）（年）,3
固定资产投资完成额：在建总规模：分行业小类（3）（年）,3
固定资产投资完成额：在建净规模：分行业（年）,3
固定资产投资完成额：在建净规模：分行业小类（1）（年）,3
固定资产投资完成额：在建净规模：分行业小类（2）（年）,3
固定资产投资完成额：在建净规模：分行业小类（3）（年）,3
固定资产投资完成额：新建：分行业（年）,3
固定资产投资完成额：扩建：分行业（年）,3
固定资产投资完成额：改建：分行业（年）,3
固定资产投资完成额：建筑安装工程：分行业（年）,3
固定资产投资完成额：建筑安装工程：分行业小类（1）（年）,3
固定资产投资完成额：建筑安装工程：分行业小类（2）（年）,3
固定资产投资完成额：建筑安装工程：分行业小类（3）（年）,3
固定资产投资完成额：设备工器具购置：分行业（年）,3
固定资产投资完成额：设备工器具购置：分行业小类（1）（年）,3
固定资产投资完成额：设备工器具购置：分行业小类（2）（年）,3
固定资产投资完成额：设备工器具购置：分行业小类（3）（年）,3
固定资产投资完成额：其他费用：分行业（年）,3
固定资产投资完成额：其他费用：分行业小类（1）（年）,3
固定资产投资完成额：其他费用：分行业小类（2）（年）,3
固定资产投资完成额：其他费用：分行业小类（3）（年）,3
固定资产投资完成额：中央项目：分行业（年）,3
固定资产投资完成额：地方项目：分行业（年）,3
固定资产投资完成额：内资：按行业（年）,3
固定资产投资完成额：港澳台商投资：分行业（年）,3
固定资产投资完成额：外商投资：分行业（年）,3
固定资产投资完成额：国有控股投资：分行业（年）,3
固定资产投资完成额：集体控股：分行业（年）,3
固定资产投资完成额：私人控股：分行业（年）,3
固定资产投资完成额：固定资产交付使用率：分行业（年）,3
固定资产投资完成额：新增固定资产：分行业（年）,3
固定资产投资资金来源,2
固定资产投资资金来源（月）,3
固定资产投资资金来源（年）,3
全社会固定资产投资资金来源（年）,3
城镇固定资产投资资金来源：分行业（年）,3
城镇固定资产投资资金来源：国家预算内资金：分行业（年）,3
城镇固定资产投资资金来源：国内贷款：分行业（年）,3
城镇固定资产投资资金来源：利用外资：分行业（年）,3
城镇固定资产投资资金来源：自筹资金：分行业（年）,3
城镇固定资产投资资金来源：其他资金：分行业（年）,3
城市市政公用设施建设固定资产投资资金来源（年）,3
固定资产投资项目,2
固定资产投资项目（月）,3
城镇50万元以上施工、投产项目（年）,3
城镇50万元以上施工项目个数：分行业（年）,3
城镇50万元以上新开工项目个数：分行业（年）,3
城镇50万元以上全部简称投产项目个数：分行业（年）,3
城镇50万元以上项目建成投产率：分行业（年）,3
固定资产投资：省及直辖市,2
固定资产投资：北京（月）,3
固定资产投资：天津（月）,3
固定资产投资：河北（月）,3
固定资产投资：山西（月）,3
固定资产投资：内蒙古（月）,3
固定资产投资：辽宁（月）,3
固定资产投资：吉林（月）,3
固定资产投资：黑龙江（月）,3
固定资产投资：上海（月）,3
固定资产投资：江苏（月）,3
固定资产投资：浙江（月）,3
固定资产投资：安徽（月）,3
固定资产投资：福建（月）,3
固定资产投资：江西（月）,3
固定资产投资：山东（月）,3
固定资产投资：河南（月）,3
固定资产投资：湖北（月）,3
固定资产投资：湖南（月）,3
固定资产投资：广东（月）,3
固定资产投资：广西（月）,3
固定资产投资：海南（月）,3
固定资产投资：重庆（月）,3
固定资产投资：四川（月）,3
固定资产投资：贵州（月）,3
固定资产投资：云南（月）,3
固定资产投资：西藏（月）,3
固定资产投资：陕西（月）,3
固定资产投资：甘肃（月）,3
固定资产投资：青海（月）,3
固定资产投资：宁夏（月）,3
固定资产投资：新疆（月）,3
固定资产投资：不分地区（月）,3
城镇固定资产投资：北京（年）,3
城镇固定资产投资：天津（年）,3
城镇固定资产投资：河北（年）,3
城镇固定资产投资：山西（年）,3
城镇固定资产投资：内蒙古（年）,3
城镇固定资产投资：辽宁（年）,3
城镇固定资产投资：吉林（年）,3
城镇固定资产投资：黑龙江（年）,3
城镇固定资产投资：上海（年）,3
城镇固定资产投资：江苏（年）,3
城镇固定资产投资：浙江（年）,3
城镇固定资产投资：安徽（年）,3
城镇固定资产投资：福建（年）,3
城镇固定资产投资：江西（年）,3
城镇固定资产投资：山东（年）,3
城镇固定资产投资：河南（年）,3
城镇固定资产投资：湖北（年）,3
城镇固定资产投资：湖南（年）,3
城镇固定资产投资：广东（年）,3
城镇固定资产投资：广西（年）,3
城镇固定资产投资：海南（年）,3
城镇固定资产投资：重庆（年）,3
城镇固定资产投资：四川（年）,3
城镇固定资产投资：贵州（年）,3
城镇固定资产投资：云南（年）,3
城镇固定资产投资：西藏（年）,3
城镇固定资产投资：陕西（年）,3
城镇固定资产投资：甘肃（年）,3
城镇固定资产投资：青海（年）,3
城镇固定资产投资：宁夏（年）,3
城镇固定资产投资：新疆（年）,3
城镇固定资产投资：不分地区（年）,3
固定资产投资：省及直辖市：同比（年）,3
全社会固定资产投资：省及直辖市,2
全社会固定资产投资：北京（年）,3
全社会固定资产投资：天津（年）,3
全社会固定资产投资：河北（年）,3
全社会固定资产投资：山西（年）,3
全社会固定资产投资：内蒙古（年）,3
全社会固定资产投资：辽宁（年）,3
全社会固定资产投资：吉林（年）,3
全社会固定资产投资：黑龙江（年）,3
全社会固定资产投资：上海（年）,3
全社会固定资产投资：江苏（年）,3
全社会固定资产投资：浙江（年）,3
全社会固定资产投资：安徽（年）,3
全社会固定资产投资：福建（年）,3
全社会固定资产投资：江西（年）,3
全社会固定资产投资：山东（年）,3
全社会固定资产投资：河南（年）,3
全社会固定资产投资：湖北（年）,3
全社会固定资产投资：湖南（年）,3
全社会固定资产投资：广东（年）,3
全社会固定资产投资：广西（年）,3
全社会固定资产投资：海南（年）,3
全社会固定资产投资：重庆（年）,3
全社会固定资产投资：四川（年）,3
全社会固定资产投资：贵州（年）,3
全社会固定资产投资：云南（年）,3
全社会固定资产投资：西藏（年）,3
全社会固定资产投资：陕西（年）,3
全社会固定资产投资：甘肃（年）,3
全社会固定资产投资：青海（年）,3
全社会固定资产投资：宁夏（年）,3
全社会固定资产投资：新疆（年）,3
全社会固定资产投资：不分地区（年）,3
全社会固定资产投资：经济区（年）,3
农村固定资产投资,2
农村固定资产投资完成额（年）,3
农村固定资产投资完成额：省及直辖市（年）,3
农村固定资产投资完成额：直辖市区县（年）,3
农村固定资产投资完成额：省会和计划单列市（年）,3
农村固定资产投资完成额：地级市（年）,3
固定资产投资：省会和计划单列市,2
固定资产投资：石家庄（月）,3
固定资产投资：太原（月）,3
固定资产投资：呼和浩特（月）,3
固定资产投资：沈阳（月）,3
固定资产投资：大连（月）,3
固定资产投资：长春（月）,3
固定资产投资：哈尔滨（月）,3
固定资产投资：南京（月）,3
固定资产投资：杭州（月）,3
固定资产投资：宁波（月）,3
固定资产投资：合肥（月）,3
固定资产投资：福州（月）,3
固定资产投资：厦门（月）,3
固定资产投资：南昌（月）,3
固定资产投资：济南（月）,3
固定资产投资：青岛（月）,3
固定资产投资：郑州（月）,3
固定资产投资：武汉（月）,3
固定资产投资：长沙（月）,3
固定资产投资：广州（月）,3
固定资产投资：深圳（月）,3
固定资产投资：南宁（月）,3
固定资产投资：海口（月）,3
固定资产投资：成都（月）,3
固定资产投资：贵阳（月）,3
固定资产投资：昆明（月）,3
固定资产投资：西安（月）,3
固定资产投资：兰州（月）,3
固定资产投资：西宁（月）,3
固定资产投资：银川（月）,3
固定资产投资：乌鲁木齐（月）,3
固定资产投资：石家庄（年）,3
固定资产投资：太原（年）,3
固定资产投资：呼和浩特（年）,3
固定资产投资：沈阳（年）,3
固定资产投资：大连（年）,3
固定资产投资：长春（年）,3
固定资产投资：哈尔滨（年）,3
固定资产投资：南京（年）,3
固定资产投资：杭州（年）,3
固定资产投资：宁波（年）,3
固定资产投资：合肥（年）,3
固定资产投资：福州（年）,3
固定资产投资：厦门（年）,3
固定资产投资：南昌（年）,3
固定资产投资：济南（年）,3
固定资产投资：青岛（年）,3
固定资产投资：郑州（年）,3
固定资产投资：武汉（年）,3
固定资产投资：长沙（年）,3
固定资产投资：广州（年）,3
固定资产投资：深圳（年）,3
固定资产投资：南宁（年）,3
固定资产投资：海口（年）,3
固定资产投资：成都（年）,3
固定资产投资：贵阳（年）,3
固定资产投资：昆明（年）,3
固定资产投资：西安（年）,3
固定资产投资：兰州（年）,3
固定资产投资：西宁（年）,3
固定资产投资：银川（年）,3
固定资产投资：乌鲁木齐（年）,3
月度固定资产投资：地级市,2
固定资产投资：江苏（月）,3
固定资产投资：浙江（月）,3
固定资产投资：福建（月）,3
固定资产投资：广东（月）,3
年度固定资产投资：地级市,2
固定资产投资：河北（年）,3
固定资产投资：山西（年）,3
固定资产投资：内蒙古（年）,3
固定资产投资：辽宁（年）,3
固定资产投资：吉林（年）,3
固定资产投资：黑龙江（年）,3
固定资产投资：江苏（年）,3
固定资产投资：浙江（年）,3
固定资产投资：安徽（年）,3
固定资产投资：福建（年）,3
固定资产投资：江西（年）,3
固定资产投资：山东（年）,3
固定资产投资：河南（年）,3
固定资产投资：湖北（年）,3
固定资产投资：湖南（年）,3
固定资产投资：广东（年）,3
固定资产投资：广西（年）,3
固定资产投资：海南（年）,3
固定资产投资：四川（年）,3
固定资产投资：贵州（年）,3
固定资产投资：云南（年）,3
固定资产投资：西藏（年）,3
固定资产投资：陕西（年）,3
固定资产投资：甘肃（年）,3
固定资产投资：青海（年）,3
固定资产投资：宁夏（年）,3
固定资产投资：新疆（年）,3
年度固定资产投资：县级市,2
固定资产投资：河北（年）,3
固定资产投资：山西（年）,3
固定资产投资：内蒙古（年）,3
固定资产投资：辽宁（年）,3
固定资产投资：吉林（年）,3
固定资产投资：黑龙江（年）,3
固定资产投资：江苏（年）,3
固定资产投资：浙江（年）,3
固定资产投资：安徽（年）,3
固定资产投资：福建（年）,3
固定资产投资：江西（年）,3
固定资产投资：山东（年）,3
固定资产投资：河南（年）,3
固定资产投资：湖北（年）,3
固定资产投资：湖南（年）,3
固定资产投资：广东（年）,3
固定资产投资：广西（年）,3
固定资产投资：海南（年）,3
固定资产投资：四川（年）,3
固定资产投资：贵州（年）,3
固定资产投资：云南（年）,3
固定资产投资：西藏（年）,3
固定资产投资：陕西（年）,3
固定资产投资：甘肃（年）,3
固定资产投资：青海（年）,3
固定资产投资：宁夏（年）,3
固定资产投资：新疆（年）,3
城市建设,2
城市建设情况：全国（年）,3
城市建设情况：北京（年）,3
城市建设情况：天津（年）,3
城市建设情况：河北（年）,3
城市建设情况：山西（年）,3
城市建设情况：内蒙古（年）,3
城市建设情况：辽宁（年）,3
城市建设情况：吉林（年）,3
城市建设情况：黑龙江（年）,3
城市建设情况：上海（年）,3
城市建设情况：江苏（年）,3
城市建设情况：浙江（年）,3
城市建设情况：安徽（年）,3
城市建设情况：福建（年）,3
城市建设情况：江西（年）,3
城市建设情况：山东（年）,3
城市建设情况：河南（年）,3
城市建设情况：湖北（年）,3
城市建设情况：湖南（年）,3
城市建设情况：广东（年）,3
城市建设情况：广西（年）,3
城市建设情况：海南（年）,3
城市建设情况：重庆（年）,3
城市建设情况：四川（年）,3
城市建设情况：贵州（年）,3
城市建设情况：云南（年）,3
城市建设情况：西藏（年）,3
城市建设情况：陕西（年）,3
城市建设情况：甘肃（年）,3
城市建设情况：青海（年）,3
城市建设情况：宁夏（年）,3
城市建设情况：新疆（年）,3
城市建设情况：省会和计划单列市（年）,3
城乡建设,2
城乡建设情况：全国（年）,3
PPP项目,2
PPP项目统计,3
PPP项目统计：分地区,3
（停止）PPP项目统计（月）,3
（停止）PPP推介项目统计：分地区（月）,3
国内贸易,1
社会消费品零售总额,2
社会消费品零售总额：当月（月）,3
社会消费品零售总额：累计（月）,3
限额以上批发和零售业零售额：当月同比（月）,3
限额以上批发和零售业零售额：累计同比（月）,3
限额以上批发和零售业零售额（月）,3
重点零售企业商品销售额（月）,3
国内贸易基本情况（年）,3
（停止）限额以上批发和零售业批发额（月）,3
限额以上批发和零售业发展经营情况,2
限额以上批发业：基本情况（年）,3
限额以上批发业：商品购销存（年）,3
限额以上批发业：资产负债（年）,3
限额以上批发业：财务指标（年）,3
限额以上零售业：基本情况（年）,3
限额以上零售业：商品购销存（年）,3
限额以上零售业：资产负债（年）,3
限额以上零售业：财务指标（年）,3
连锁零售企业发展经营情况,2
连锁零售企业发展经营情况（年）,3
亿元以上商品交易市场发展经营情况,2
亿元以上商品交易市场：基本情况（年）,3
亿元以上商品交易市场：成交额（年）,3
社会消费品零售总额：省及直辖市,2
社会消费品零售总额：省及直辖市：（累计）（月）,3
社会消费品零售总额：上海,3
社会消费品零售总额：北京（年）,3
社会消费品零售总额：天津（年）,3
社会消费品零售总额：河北（年）,3
社会消费品零售总额：山西（年）,3
社会消费品零售总额：内蒙古（年）,3
社会消费品零售总额：辽宁（年）,3
社会消费品零售总额：吉林（年）,3
社会消费品零售总额：黑龙江（年）,3
社会消费品零售总额：上海（年）,3
社会消费品零售总额：江苏（年）,3
社会消费品零售总额：浙江（年）,3
社会消费品零售总额：安徽（年）,3
社会消费品零售总额：福建（年）,3
社会消费品零售总额：江西（年）,3
社会消费品零售总额：山东（年）,3
社会消费品零售总额：河南（年）,3
社会消费品零售总额：湖北（年）,3
社会消费品零售总额：湖南（年）,3
社会消费品零售总额：广东（年）,3
社会消费品零售总额：广西（年）,3
社会消费品零售总额：海南（年）,3
社会消费品零售总额：重庆（年）,3
社会消费品零售总额：四川（年）,3
社会消费品零售总额：贵州（年）,3
社会消费品零售总额：云南（年）,3
社会消费品零售总额：西藏（年）,3
社会消费品零售总额：陕西（年）,3
社会消费品零售总额：甘肃（年）,3
社会消费品零售总额：青海（年）,3
社会消费品零售总额：宁夏（年）,3
社会消费品零售总额：新疆（年）,3
批发零售贸易业：上海（年）,3
社会消费品零售总额：经济区（年）,3
（停止）社会消费品零售总额：省及直辖市：当月（月）,3
社会消费品零售总额：省会和计划单列市,2
社会消费品零售总额：石家庄（月）,3
社会消费品零售总额：太原（月）,3
社会消费品零售总额：呼和浩特（月）,3
社会消费品零售总额：沈阳,3
社会消费品零售总额：大连（月）,3
社会消费品零售总额：长春（月）,3
社会消费品零售总额：哈尔滨（月）,3
社会消费品零售总额：南京,3
社会消费品零售总额：杭州（月）,3
社会消费品零售总额：宁波（月）,3
社会消费品零售总额：合肥（月）,3
社会消费品零售总额：福州（月）,3
社会消费品零售总额：厦门（月）,3
社会消费品零售总额：南昌（月）,3
社会消费品零售总额：济南（月）,3
社会消费品零售总额：青岛（月）,3
社会消费品零售总额：郑州（月）,3
社会消费品零售总额：武汉（月）,3
社会消费品零售总额：长沙（月）,3
社会消费品零售总额：广州（月）,3
社会消费品零售总额：深圳（月）,3
社会消费品零售总额：南宁（月）,3
社会消费品零售总额：海口（月）,3
社会消费品零售总额：成都（月）,3
社会消费品零售总额：贵阳（月）,3
社会消费品零售总额：昆明（月）,3
社会消费品零售总额：西安,3
社会消费品零售总额：兰州（月）,3
社会消费品零售总额：西宁（月）,3
社会消费品零售总额：银川（月）,3
社会消费品零售总额：乌鲁木齐（月）,3
社会消费品零售总额：省会和计划单列市（年）,3
月度社会消费品零售总额：地级市,2
社会消费品零售总额：江苏,3
社会消费品零售总额：浙江,3
社会消费品零售总额：福建（月）,3
社会消费品零售总额：广东,3
年度社会消费品零售总额：地级市,2
社会消费品零售总额：河北（年）,3
社会消费品零售总额：山西（年）,3
社会消费品零售总额：内蒙古（年）,3
社会消费品零售总额：辽宁（年）,3
社会消费品零售总额：吉林（年）,3
社会消费品零售总额：黑龙江（年）,3
社会消费品零售总额：江苏（年）,3
社会消费品零售总额：浙江（年）,3
社会消费品零售总额：安徽（年）,3
社会消费品零售总额：福建（年）,3
社会消费品零售总额：江西（年）,3
社会消费品零售总额：山东（年）,3
社会消费品零售总额：河南（年）,3
社会消费品零售总额：湖北（年）,3
社会消费品零售总额：湖南（年）,3
社会消费品零售总额：广东（年）,3
社会消费品零售总额：广西（年）,3
社会消费品零售总额：海南（年）,3
社会消费品零售总额：四川（年）,3
社会消费品零售总额：贵州（年）,3
社会消费品零售总额：云南（年）,3
社会消费品零售总额：陕西（年）,3
社会消费品零售总额：甘肃（年）,3
社会消费品零售总额：青海（年）,3
社会消费品零售总额：宁夏（年）,3
社会消费品零售总额：新疆（年）,3
年度社会消费品零售总额：县级市,2
社会消费品零售总额：河北（年）,3
社会消费品零售总额：山西（年）,3
社会消费品零售总额：内蒙古（年）,3
社会消费品零售总额：辽宁（年）,3
社会消费品零售总额：吉林（年）,3
社会消费品零售总额：黑龙江（年）,3
社会消费品零售总额：江苏（年）,3
社会消费品零售总额：浙江（年）,3
社会消费品零售总额：安徽（年）,3
社会消费品零售总额：福建（年）,3
社会消费品零售总额：江西（年）,3
社会消费品零售总额：山东（年）,3
社会消费品零售总额：河南（年）,3
社会消费品零售总额：湖北（年）,3
社会消费品零售总额：湖南（年）,3
社会消费品零售总额：广东（年）,3
社会消费品零售总额：广西（年）,3
社会消费品零售总额：海南（年）,3
社会消费品零售总额：四川（年）,3
社会消费品零售总额：贵州（年）,3
社会消费品零售总额：云南（年）,3
社会消费品零售总额：西藏（年）,3
社会消费品零售总额：陕西（年）,3
社会消费品零售总额：甘肃（年）,3
社会消费品零售总额：青海（年）,3
社会消费品零售总额：宁夏（年）,3
社会消费品零售总额：新疆（年）,3
国内贸易发展经营情况：省及直辖市,2
国内贸易发展经营情况：北京（年）,3
国内贸易发展经营情况：天津（年）,3
国内贸易发展经营情况：河北（年）,3
国内贸易发展经营情况：山西（年）,3
国内贸易发展经营情况：内蒙古（年）,3
国内贸易发展经营情况：辽宁（年）,3
国内贸易发展经营情况：吉林（年）,3
国内贸易发展经营情况：黑龙江（年）,3
国内贸易发展经营情况：上海（年）,3
国内贸易发展经营情况：江苏（年）,3
国内贸易发展经营情况：浙江（年）,3
国内贸易发展经营情况：安徽（年）,3
国内贸易发展经营情况：福建（年）,3
国内贸易发展经营情况：江西（年）,3
国内贸易发展经营情况：山东（年）,3
国内贸易发展经营情况：河南（年）,3
国内贸易发展经营情况：湖北（年）,3
国内贸易发展经营情况：湖南（年）,3
国内贸易发展经营情况：广东（年）,3
国内贸易发展经营情况：广西（年）,3
国内贸易发展经营情况：海南（年）,3
国内贸易发展经营情况：重庆（年）,3
国内贸易发展经营情况：四川（年）,3
国内贸易发展经营情况：贵州（年）,3
国内贸易发展经营情况：云南（年）,3
国内贸易发展经营情况：西藏（年）,3
国内贸易发展经营情况：陕西（年）,3
国内贸易发展经营情况：甘肃（年）,3
国内贸易发展经营情况：青海（年）,3
国内贸易发展经营情况：宁夏（年）,3
国内贸易发展经营情况：新疆（年）,3
国内贸易发展经营情况：省会和计划单列市,2
国内贸易发展经营情况：省会和计划单列市（年）,3
国内贸易发展经营情况：地级市,2
国内贸易发展经营情况：河北（年）,3
国内贸易发展经营情况：山西（年）,3
国内贸易发展经营情况：内蒙古（年）,3
国内贸易发展经营情况：辽宁（年）,3
国内贸易发展经营情况：吉林（年）,3
国内贸易发展经营情况：黑龙江（年）,3
国内贸易发展经营情况：江苏（年）,3
国内贸易发展经营情况：浙江（年）,3
国内贸易发展经营情况：安徽（年）,3
国内贸易发展经营情况：福建（年）,3
国内贸易发展经营情况：江西（年）,3
国内贸易发展经营情况：山东（年）,3
国内贸易发展经营情况：河南（年）,3
国内贸易发展经营情况：湖北（年）,3
国内贸易发展经营情况：湖南（年）,3
国内贸易发展经营情况：广东（年）,3
国内贸易发展经营情况：广西（年）,3
国内贸易发展经营情况：海南（年）,3
国内贸易发展经营情况：四川（年）,3
国内贸易发展经营情况：贵州（年）,3
国内贸易发展经营情况：云南（年）,3
国内贸易发展经营情况：陕西（年）,3
国内贸易发展经营情况：甘肃（年）,3
国内贸易发展经营情况：青海（年）,3
国内贸易发展经营情况：宁夏（年）,3
银行与货币,1
货币供应量,2
货币供应量（月）,3
存款性公司概览（月）,3
基础货币和货币乘数（季）,3
存款和贷款,2
金融机构人民币贷款（月）,3
金融机构外汇贷款（月）,3
金融机构人民币存款（月）,3
金融机构外汇存款（月）,3
金融机构新增人民币贷款（季）,3
金融机构贷款投向（季）,3
小额贷款公司（季）,3
城乡储蓄存款（年）,3
金融机构贷款：分行业（年）,3
主要金融机构中长期贷款实际投向（年）,3
金融机构（含外资）境内企业贷款：分企业规模（年）,3
金融机构涉农贷款（年）,3
金融机构涉农贷款：分机构（年）,3
金融机构涉农贷款：农林牧渔业贷款（年）,3
金融机构涉农贷款：农村贷款（年）,3
金融机构涉农贷款：农户贷款（年）,3
政策性银行存贷款（年）,3
其他金融机构存贷款,3
村镇银行（年）,3
绿色信贷（半年）,3
银团贷款（季）,3
小微企业贷款（季）,3
（停止）国家银行人民币贷款（月）,3
（停止）国家银行人民币存款（月）,3
（停止）国内非金融机构部门融资情况（季）,3
（停止）非居民人民币存款,3
金融机构信贷收支表,2
金融机构信贷收支表： 本外币（月）,3
金融机构信贷收支表： 本外币：按部门分（月）,3
金融机构信贷收支表： 人民币（月）,3
金融机构信贷收支表： 人民币：按部门分（月）,3
金融机构信贷收支表： 外汇（月）,3
金融机构信贷收支表： 外汇：按部门分（月）,3
存款类金融机构信贷收支表： 本外币：按部门分（月）,3
存款类金融机构信贷收支表： 人民币：按部门分（月）,3
存款类金融机构信贷收支表： 外汇：按部门分（月）,3
中资全国性四家大型银行信贷收支表： 人民币（月）,3
中资全国性大型银行信贷收支表： 人民币（月）,3
中资全国性中小型银行信贷收支表： 人民币（月）,3
小额贷款公司信贷收支表（年）,3
（停止）其他商业银行信贷收支表： 人民币（月）,3
（停止）金融机构信贷收支表： 人民币（可比口径）：总行（季）,3
金融机构资产负债表,2
金融机构资产负债表：货币当局（月）,3
金融机构资产负债表：其他存款性公司（月）,3
金融机构资产负债表：外资银行（季）,3
金融机构资产负债表：城市信用社（季）,3
金融机构资产负债表：农村信用社（季）,3
金融机构资产负债表：财务公司（季）,3
金融机构资产负债表：中资大型银行（季）,3
金融机构资产负债表：中资中型银行（季）,3
金融机构资产负债表：中资小型银行（季）,3
银行业对外资产负债表（季）,3
（停止）金融机构资产负债表：政策性银行（季）,3
（停止）金融机构资产负债表：国有商业银行（季）,3
（停止）金融机构资产负债表：股份制商业银行（季）,3
（停止）金融机构资产负债表：城市商业银行（季）,3
（停止）金融机构资产负债表：中国邮政储蓄银行（季）,3
央行货币政策工具,2
金融机构存款准备金率,3
金融机构超额存款准备金率（季）,3
公开市场操作（周）,3
公开市场正回购（日）,3
公开市场逆回购（日）,3
国库现金管理商业银行定期存款,3
常备借贷便利操作（SLF）,3
短期流动性调节工具（SLO）（日）,3
中期借贷便利操作（MLF）,3
抵押补充贷款（PSL）（月）,3
央行票据发行（日）,3
外汇管理,2
官方储备资产（月）,3
中国投资海外证券情况（月）,3
银行结售汇（月）,3
银行代客涉外收付款（月）,3
外汇供求强弱指标（月）,3
外汇市场交易：美元计价（月）,3
外汇市场交易：人民币计价（月）,3
外汇资产流动情况（月）,3
境外机构和个人持有境内人民币金融资产（月）,3
金融机构直接投资流量（季）,3
金融机构直接投资流量（年）,3
金融机构直接投资存量（年）,3
外汇净流入（年）,3
人民币国际化,2
人民币国际支付（月）,3
人民币货币互换（月）,3
人民币国际化指数,3
跨境贸易人民币结算业务（月）,3
跨境贸易人民币结算业务（季）,3
跨境贸易人民币结算业务：分地区（年）,3
离岸人民币业务,3
金融机构经营情况,2
商业银行不良贷款（季）,3
商业银行主要监管指标（季）,3
银行业金融机构总资产和负债,3
金融机构资金净融出融入（季）,3
银行业金融机构年度主要财务数据（年）,3
商业银行不良贷款：分行业（年）,3
银行业压力测试（年）,3
银行业金融机构法人机构和从业人员（年）,3
银监会现场检查监管（年）,3
涉农金融机构营业网点和人员（年）,3
农村金融机构盈利水平（年）,3
境内外债券投融资比较指数（月）,3
（停止）金融资产管理公司资产处置（季）,3
（停止）金融机构现金收支（月）,3
金融市场统计,2
银行间同业拆借交易情况：按期限分（月）,3
银行间债券交易情况：按成员分（日）,3
银行间质押式回购交易情况：按成员分（日）,3
银行间质押式回购交易情况：按期限分（月）,3
银行间买断式回购交易情况：按成员分（日）,3
票据市场每日汇总统计（日）,3
票据业务量：分地区（季）,3
金融市场统计,3
（停止）银行间同业拆借交易情况：按成员分（日）,3
社会融资规模,2
社会融资规模,3
社会融资规模（年）,3
社会融资规模存量（月）,3
社会融资规模存量（年）,3
社会融资规模：省及直辖市,3
非金融机构部门融资结构：分地区（年）,3
理财产品统计,2
理财产品存续统计,3
理财产品发行募集统计,3
理财产品投资资产分布,3
理财产品兑付统计,3
理财产品银行实现收益,3
常委单位理财周报：中银协理财专委（周）,3
常委单位理财月报：中银协理财专委（月）,3
存款和贷款：省及直辖市,2
主要存贷款指标：北京,3
主要存贷款指标：天津,3
主要存贷款指标：河北,3
主要存贷款指标：山西,3
主要存贷款指标：内蒙古,3
主要存贷款指标：辽宁,3
主要存贷款指标：吉林,3
主要存贷款指标：黑龙江,3
主要存贷款指标：上海,3
主要存贷款指标：江苏,3
主要存贷款指标：浙江,3
主要存贷款指标：安徽,3
主要存贷款指标：福建,3
主要存贷款指标：江西,3
主要存贷款指标：山东,3
主要存贷款指标：河南,3
主要存贷款指标：湖北,3
主要存贷款指标：湖南,3
主要存贷款指标：广东,3
主要存贷款指标：广西,3
主要存贷款指标：海南,3
主要存贷款指标：重庆,3
主要存贷款指标：四川,3
主要存贷款指标：贵州,3
主要存贷款指标：云南,3
主要存贷款指标：西藏,3
主要存贷款指标：陕西,3
主要存贷款指标：甘肃,3
主要存贷款指标：青海,3
主要存贷款指标：宁夏,3
主要存贷款指标：新疆,3
存款和贷款：经济区（年）,3
存款和贷款：政策性银行：省及直辖市（年）,3
存款和贷款：其他金融机构：省及直辖市（年）,3
金融机构涉农贷款：分地区（年）,3
（停止）金融机构信贷收支表：人民币（可比口径）：北京（季）,3
（停止）金融机构信贷收支表：人民币（可比口径）：天津（季）,3
（停止）金融机构信贷收支表：人民币（可比口径）：河北（季）,3
（停止）金融机构信贷收支表：人民币（可比口径）：山西（季）,3
（停止）金融机构信贷收支表：人民币（可比口径）：内蒙古（季）,3
（停止）金融机构信贷收支表：人民币（可比口径）：辽宁（季）,3
（停止）金融机构信贷收支表：人民币（可比口径）：吉林（季）,3
（停止）金融机构信贷收支表：人民币（可比口径）：黑龙江（季）,3
（停止）金融机构信贷收支表：人民币（可比口径）：上海（季）,3
（停止）金融机构信贷收支表：人民币（可比口径）：江苏（季）,3
（停止）金融机构信贷收支表：人民币（可比口径）：浙江（季）,3
（停止）金融机构信贷收支表：人民币（可比口径）：安徽（季）,3
（停止）金融机构信贷收支表：人民币（可比口径）：福建（季）,3
（停止）金融机构信贷收支表：人民币（可比口径）：江西（季）,3
（停止）金融机构信贷收支表：人民币（可比口径）：山东（季）,3
（停止）金融机构信贷收支表：人民币（可比口径）：河南（季）,3
（停止）金融机构信贷收支表：人民币（可比口径）：湖北（季）,3
（停止）金融机构信贷收支表：人民币（可比口径）：湖南（季）,3
（停止）金融机构信贷收支表：人民币（可比口径）：广东（季）,3
（停止）金融机构信贷收支表：人民币（可比口径）：广西（季）,3
（停止）金融机构信贷收支表：人民币（可比口径）：海南（季）,3
（停止）金融机构信贷收支表：人民币（可比口径）：重庆（季）,3
（停止）金融机构信贷收支表：人民币（可比口径）：四川（季）,3
（停止）金融机构信贷收支表：人民币（可比口径）：贵州（季）,3
（停止）金融机构信贷收支表：人民币（可比口径）：云南（季）,3
（停止）金融机构信贷收支表：人民币（可比口径）：西藏（季）,3
（停止）金融机构信贷收支表：人民币（可比口径）：陕西（季）,3
（停止）金融机构信贷收支表：人民币（可比口径）：甘肃（季）,3
（停止）金融机构信贷收支表：人民币（可比口径）：青海（季）,3
（停止）金融机构信贷收支表：人民币（可比口径）：宁夏（季）,3
（停止）金融机构信贷收支表：人民币（可比口径）：新疆（季）,3
存款和贷款：省会和计划单列市,2
存款和贷款：太原（月）,3
存款和贷款：呼和浩特（月）,3
存款和贷款：沈阳（月）,3
存款和贷款：大连（月）,3
存款和贷款：长春（月）,3
存款和贷款：哈尔滨（月）,3
存款和贷款：南京（月）,3
存款和贷款：杭州（月）,3
存款和贷款：宁波（月）,3
存款和贷款：合肥（月）,3
存款和贷款：福州（月）,3
存款和贷款：厦门（月）,3
存款和贷款：济南（月）,3
存款和贷款：青岛（月）,3
存款和贷款：郑州（月）,3
存款和贷款：武汉（月）,3
存款和贷款：长沙（月）,3
存款和贷款：广州（月）,3
存款和贷款：深圳（月）,3
存款和贷款：南宁（月）,3
存款和贷款：海口（月）,3
存款和贷款：成都（月）,3
存款和贷款：贵阳（月）,3
存款和贷款：西安（月）,3
存款和贷款：兰州（月）,3
存款和贷款：西宁（月）,3
存款和贷款：银川（月）,3
存款和贷款：省会和计划单列市（年）,3
存款和贷款：金融机构：省会和计划单列市（年）,3
月度存款和贷款：地级市,2
存款和贷款：江苏（月）,3
存款和贷款：浙江（月）,3
存款和贷款：福建（月）,3
存款和贷款：广东（月）,3
年度存款和贷款：地级市,2
存款和贷款：河北（年）,3
存款和贷款：山西（年）,3
存款和贷款：内蒙古（年）,3
存款和贷款：辽宁（年）,3
存款和贷款：吉林（年）,3
存款和贷款：黑龙江（年）,3
存款和贷款：江苏（年）,3
存款和贷款：浙江（年）,3
存款和贷款：安徽（年）,3
存款和贷款：福建（年）,3
存款和贷款：江西（年）,3
存款和贷款：山东（年）,3
存款和贷款：河南（年）,3
存款和贷款：湖北（年）,3
存款和贷款：湖南（年）,3
存款和贷款：广东（年）,3
存款和贷款：广西（年）,3
存款和贷款：海南（年）,3
存款和贷款：四川（年）,3
存款和贷款：贵州（年）,3
存款和贷款：云南（年）,3
存款和贷款：陕西（年）,3
存款和贷款：甘肃（年）,3
存款和贷款：青海（年）,3
存款和贷款：宁夏（年）,3
存款和贷款：新疆（年）,3
年度存款和贷款：县级市,2
存款和贷款：河北（年）,3
存款和贷款：山西（年）,3
存款和贷款：内蒙古（年）,3
存款和贷款：辽宁（年）,3
存款和贷款：吉林（年）,3
存款和贷款：黑龙江（年）,3
存款和贷款：江苏（年）,3
存款和贷款：浙江（年）,3
存款和贷款：安徽（年）,3
存款和贷款：福建（年）,3
存款和贷款：江西（年）,3
存款和贷款：山东（年）,3
存款和贷款：河南（年）,3
存款和贷款：湖北（年）,3
存款和贷款：湖南（年）,3
存款和贷款：广东（年）,3
存款和贷款：广西（年）,3
存款和贷款：海南（年）,3
存款和贷款：四川（年）,3
存款和贷款：贵州（年）,3
存款和贷款：云南（年）,3
存款和贷款：西藏（年）,3
存款和贷款：陕西（年）,3
存款和贷款：甘肃（年）,3
存款和贷款：青海（年）,3
存款和贷款：宁夏（年）,3
存款和贷款：新疆（年）,3
金融机构经营情况：省及直辖市,2
金融机构及人员数：四大区域（年）,3
金融机构及人员数：北京（年）,3
金融机构及人员数：天津（年）,3
金融机构及人员数：河北（年）,3
金融机构及人员数：山西（年）,3
金融机构及人员数：内蒙古（年）,3
金融机构及人员数：辽宁（年）,3
金融机构及人员数：吉林（年）,3
金融机构及人员数：黑龙江（年）,3
金融机构及人员数：上海（年）,3
金融机构及人员数：江苏（年）,3
金融机构及人员数：浙江（年）,3
金融机构及人员数：安徽（年）,3
金融机构及人员数：福建（年）,3
金融机构及人员数：江西（年）,3
金融机构及人员数：山东（年）,3
金融机构及人员数：河南（年）,3
金融机构及人员数：湖北（年）,3
金融机构及人员数：湖南（年）,3
金融机构及人员数：广东（年）,3
金融机构及人员数：广西（年）,3
金融机构及人员数：海南（年）,3
金融机构及人员数：重庆（年）,3
金融机构及人员数：四川（年）,3
金融机构及人员数：贵州（年）,3
金融机构及人员数：云南（年）,3
金融机构及人员数：陕西（年）,3
金融机构及人员数：甘肃（年）,3
金融机构及人员数：青海（年）,3
金融机构及人员数：宁夏（年）,3
金融机构及人员数：新疆（年）,3
商业银行不良贷款：分地区（年）,3
（停止）金融机构现金收支：北京（年）,3
（停止）金融机构现金收支：天津（年）,3
（停止）金融机构现金收支：河北（年）,3
（停止）金融机构现金收支：山西（年）,3
（停止）金融机构现金收支：内蒙古（年）,3
（停止）金融机构现金收支：辽宁（年）,3
（停止）金融机构现金收支：吉林（年）,3
（停止）金融机构现金收支：黑龙江（年）,3
（停止）金融机构现金收支：上海（年）,3
（停止）金融机构现金收支：江苏（年）,3
（停止）金融机构现金收支：浙江（年）,3
（停止）金融机构现金收支：安徽（年）,3
（停止）金融机构现金收支：福建（年）,3
（停止）金融机构现金收支：山东（年）,3
（停止）金融机构现金收支：河南（年）,3
（停止）金融机构现金收支：湖南（年）,3
（停止）金融机构现金收支：海南（年）,3
（停止）金融机构现金收支：广东（年）,3
（停止）金融机构现金收支：广西（年）,3
（停止）金融机构现金收支：海南（年）,3
（停止）金融机构现金收支：重庆（年）,3
（停止）金融机构现金收支：四川（年）,3
（停止）金融机构现金收支：贵州（年）,3
（停止）金融机构现金收支：云南（年）,3
（停止）金融机构现金收支：西藏（年）,3
（停止）金融机构现金收支：陕西（年）,3
（停止）金融机构现金收支：甘肃（年）,3
（停止）金融机构现金收支：青海（年）,3
（停止）金融机构现金收支：宁夏（年）,3
（停止）金融机构现金收支：新疆（年）,3
金融机构经营情况：省会和计划单列市,2
金融机构及人员数：深圳（ 年）,3
利率汇率,1
汇率,2
人民币汇率（日）,3
离岸人民币汇率（日）,3
人民币汇率（月）,3
人民币有效汇率指数（月）,3
其他货币有效汇率指数（月）,3
国际外汇行情（日）,3
各种货币对美元折算率（月）,3
人民币有效汇率指数权重（年）,3
人民币外汇远期/掉期报价（日）,3
银联境外人民币汇率（日）,3
存款利率,2
人民币存款基准利率,3
人民银行对金融机构存款利率,3
大额美元存款利率（月）,3
（停止）金融机构人民币存款平均利率（季）,3
人民币存款利率：分银行,2
人民币存款利率：北京银行,3
人民币存款利率：渤海银行,3
人民币存款利率：广发银行,3
人民币存款利率：杭州银行,3
人民币存款利率：恒丰银行,3
人民币存款利率：华夏银行,3
人民币存款利率：江苏银行,3
人民币存款利率：交通银行,3
人民币存款利率：南京银行,3
人民币存款利率：宁波银行,3
人民币存款利率：平安银行,3
人民币存款利率：上海浦东发展银行,3
人民币存款利率：上海银行,3
人民币存款利率：兴业银行,3
人民币存款利率：招商银行,3
人民币存款利率：浙商银行,3
人民币存款利率：中国工商银行,3
人民币存款利率：中国光大银行,3
人民币存款利率：中国建设银行,3
人民币存款利率：中国民生银行,3
人民币存款利率：中国农业银行,3
人民币存款利率：中国银行,3
人民币存款利率：中信银行,3
人民币存款利率：中国邮政储蓄银行,3
境内外币小额存款利率：分银行,2
外币小额存款利率：北京银行,3
外币小额存款利率：华夏银行,3
外币小额存款利率：交通银行,3
外币小额存款利率：南京银行,3
外币小额存款利率：上海浦东发展银行,3
外币小额存款利率：平安银行,3
外币小额存款利率：兴业银行,3
外币小额存款利率：招商银行,3
外币小额存款利率：中国工商银行,3
外币小额存款利率：中国光大银行,3
外币小额存款利率：中国建设银行,3
外币小额存款利率：中国民生银行,3
外币小额存款利率：中国农业银行,3
外币小额存款利率：中国银行,3
外币小额存款利率：中信银行,3
外币小额存款利率：中国邮政储蓄银行,3
同业存款利率,2
同业存款利率：存入报价（日）,3
同业存款利率：存出报价（日）,3
同业存款利率：存入报价：国有商业银行（日）,3
同业存款利率：存入报价：股份制商业银行（日）,3
同业存款利率：存入报价：城市商业银行（日）,3
同业存款利率：存入报价：农村商业银行（日）,3
同业存款利率：存出报价：国有商业银行（日）,3
同业存款利率：存出报价：股份制商业银行（日）,3
同业存款利率：存出报价：城市商业银行（日）,3
同业存款利率：存出报价：农村商业银行（日）,3
国际货币（ICAP）同业存款利率（日）,3
（停止）同业存款利率（周）,3
贷款利率,2
人民币贷款基准利率,3
贷款基础利率,3
人民银行对金融机构贷款利率,3
金融机构人民币贷款平均利率（季）,3
利率浮动区间贷款占比（季）,3
美元贷款利率（月）,3
利率浮动区间贷款占比：分地区（月）,3
民间借贷利率,2
温州指数,3
温州民间借贷利率指数,3
温州民间借贷综合利率,3
宁波小额贷款综合利率（日）,3
广州民间借贷利率,3
中国P2P网贷指数（日）,3
中国P2P网贷指数：分地区（日）,3
中国P2P市场利率指数（日）,3
中国P2P市场利率指数（周）,3
P2P行业数据（月）,3
P2P行业数据：分地区（月）,3
P2P行业数据：分企业（月）,3
P2P行业数据（年）,3
（停止）中国P2P网贷指数（月）,3
（停止）P2P行业数据（季）,3
拆借回购利率,2
上海银行间同业拆放利率（SHIBOR）（日）,3
银行间同业拆借利率（日）,3
银行间债券回购利率（日）,3
上证所新质押式国债回购（日）,3
上证所质押式企债回购（日）,3
上证所回购定盘利率（日）,3
深交所质押式回购（日）,3
伦敦同业拆借利率（LIBOR）（日）,3
香港同业拆借利率(HIBOR)（日）,3
香港人民币同业拆借利率(CNH HIBOR）（日）,3
债券收益率,2
中债国债到期收益率（中债）（日）,3
中债地方政府债到期收益率（中债）（日）,3
中债央行票据到期收益率（中债）（日）,3
中债国开债到期收益率（中债）（日）,3
中债进出口行债到期收益率（中债）（日）,3
中债农发行债到期收益率（中债）（日）,3
中债商业银行债到期收益率（中债）（日）,3
中债资产支持证券到期收益率（中债）（日）,3
中债中短期票据到期收益率（中债）（日）,3
中债浮动利率政策性金融债点差曲线（中债）（日）,3
中债浮动利率商业银行债点差曲线（中债）（日）,3
中债浮动利率企业债点差曲线（中债）（日）,3
中债铁道债到期收益率（中债）（日）,3
中债企业债到期收益率（中债）（日）,3
中债城投债到期收益率（中债）（日）,3
国债到期收益率（中证）（日）,3
政策金融债（进出口和农发行）到期收益率（中证）（日）,3
国开债到期收益率（中证）（日）,3
地方政府债到期收益率（中证）（日）,3
企业债到期收益率（中证）（日）,3
铁道债到期收益率（中证）（日）,3
央票到期收益率（中证）（日）,3
中短票据到期收益率（中证）（日）,3
产业债到期收益率（中证）（日）,3
城投债到期收益率（中证）（日）,3
公司债到期收益率（中证）（日）,3
同业存单到期收益率（中证）（日）,3
国债到期收益率（中国货币网）（日）,3
央票到期收益率（中国货币网）（日）,3
政策性金融债（进出口和农发行）到期收益率（中国货币网）（日）,3
政策性金融债（国开行）到期收益率（中国货币网）（日）,3
短期融资券到期收益率（中国货币网）（日）,3
中期票据到期收益率（中国货币网）（日）,3
超短期融资券到期收益率（中国货币网）（日）,3
同业存单到期收益率（中国货币网）（日）,3
政府支持机构债到期收益率（中国货币网）（日）,3
有担保企业债到期收益率（中国货币网）（日）,3
无担保企业债到期收益率（中国货币网）（日）,3
政策性金融债浮动利率点差到期收益率（中国货币网）（日）,3
中期票据浮动利率点差到期收益率（中国货币网）（日）,3
企业债浮动利率点差到期收益率（中国货币网）（日）,3
中短期票据到期收益率（上海清算所）（日）,3
（停止）国债到期收益率（中债）（日）,3
（停止）交易所固定利率国债到期收益率（中债）（日）,3
（停止）中债浮动利率国债到期收益率（中债）（日）,3
（停止）交易所固定利率企业债到期收益率（中债）（日）,3
（停止）固定收益平台国债到期收益率（中证）（日）,3
（停止）银行间企业债到期收益率（中证）（日）,3
（停止）银行间产业平台债到期收益率（中证）（日）,3
（停止）中债美元债券到期收益率（中债）（日）,3
利率曲线,2
美元隐含利率曲线（中国货币网）（日）,3
利率互换,2
利率互换（日）,3
国际货币（ICAP）利率互换（日）,3
利率互换（月）,3
票据利率,2
票据利率（日）,3
长三角票据贴现价格指数,3
票据利率：分地区（季）,3
兴业研究信用债利差指数,2
信用利差：产业债不同评级,3
信用利差：产业债不同行业,3
信用利差：产业债同评级不同行业,3
信用利差：产业债同行业不同评级,3
信用利差：产业债不同企业性质,3
信用利差：产业债不同区域,3
信用利差：城投债不同评级,3
信用利差：城投债不同省份,3
信用利差：城投债不同市级政府,3
超额利差：产业债不同评级,3
超额利差：产业债不同行业,3
超额利差：产业债同评级不同行业,3
超额利差：产业债同行业不同评级,3
超额利差：产业债不同企业性质,3
超额利差：产业债不同区域,3
超额利差：城投债不同评级,3
超额利差：城投债不同省份,3
超额利差：城投债不同市级政府,3
兴业固收行业信用利差指数,2
同等级不同行业,3
同行业不同等级,3
债券发行利率,2
固定利率国债发行利率,3
固定利率地方政府债发行利率,3
央行票据发行利率,3
同业存单发行利率,3
固定利率政策性金融债（进出口和农发行）发行利率,3
固定利率政策性金融债（国开行）发行利率,3
固定利率商业银行普通债发行利率,3
固定利率铁道部债发行利率,3
固定利率企业债发行利率,3
中短期票据发行利率,3
公司债发行利率,3
中小企业私募债发行利率,3
含权债（3+2）发行利率,3
定向工具发行利率,3
非金融企业债务融资工具定价估值（日）,3
理财产品收益率,2
银行理财产品预期年收益率：人民币,3
银行理财产品预期年收益率：人民币：大型商业银行,3
银行理财产品预期年收益率：人民币：股份制商业银行,3
银行理财产品预期年收益率：人民币：城市商业银行,3
银行理财产品预期年收益率：人民币：农村商业银行,3
银行理财产品预期年收益率：人民币：外资银行,3
银行理财产品预期年收益率：人民币：其他银行,3
银行理财产品预期年收益率：外币,3
银行理财产品预期年收益率：外币：大型商业银行,3
银行理财产品预期年收益率：外币：股份制商业银行,3
银行理财产品预期年收益率：外币：城市商业银行,3
银行理财产品预期年收益率：外币：外资银行,3
信托产品预期年收益率,3
利率汇率（SDDS）,2
利率数据,3
汇率数据,3
证券市场,1
股票市场,2
股票市场总体指标（月）,3
股票市场总体指标：上海证券交易所（月）,3
股票市场总体指标：深圳证券交易所（月）,3
股票市场发行筹资（月）,3
国内主要股票指数交易行情：收盘（日）,3
国内主要股票指数交易行情：涨跌（日）,3
国内主要股票指数交易行情：成交量及金额（日）,3
股改限售股份解禁减持统计（月）,3
申万风格指数（日）,3
申万行业指数：一级行业（日）,3
申万行业指数：二级行业（日）,3
申万行业指数：三级行业（日）,3
中证指数：行业市盈率与市净率：证监会一级行业（日）,3
中证指数：行业市盈率与市净率：证监会二级行业（日）,3
中证指数：全市场市盈率与市净率（日）,3
中证行业指数（日）,3
巨潮指数：行业市盈率：巨潮一级行业（日）,3
巨潮指数：行业市盈率：巨潮二级行业（日）,3
巨潮指数：行业市盈率：巨潮三级行业（日）,3
Wind行业指数（日）,3
融资融券及转融通统计,3
A股资金流向统计（日）,3
沪深港通统计,3
证券及股票期权投资者资金统计（周）,3
证券及股票期权投资者资金统计（月）,3
国泰君安个人投资者投资景气指数（月）,3
余额宝指数（日）,3
（停止）代办股份转让系统统计（月）,3
（停止）深交所投资者持有A股市值份额：分行业（月）,3
（停止）深交所投资者成交统计：分行业：净买入额（月）,3
（停止）深交所投资者成交统计：分行业：买入金额占比（月）,3
（停止）深交所投资者成交统计：分行业：卖出金额占比（月）,3
（停止）深交所A股交易账户统计（月）,3
（停止）深交所A股交易份额：分行业：基金、券商和QFII（月）,3
（停止）深交所A股交易份额：分行业：其他机构（月）,3
（停止）深交所A股交易份额：分行业：机构合计（月）,3
（停止）深交所A股交易份额：分行业：个人和新账户（月）,3
（停止）中证指数：行业市盈率与市净率：证监会三级行业（日）,3
（停止）中证指数：行业市盈率与市净率：证监会四级行业（日）,3
（停止）投资者持有A股流通市值份额（年）,3
债券市场,2
交易所债券指数（日）,3
中债财富指数（日）,3
中债全价指数（日）,3
中债净价指数（日）,3
债券市场总览（月）,3
债券发行量：当月（月）,3
债券发行量：累计（月）,3
债券发行量：期限1年以下（月）,3
债券发行量：期限1到3年（月）,3
债券发行量：期限3到5年（月）,3
债券发行量：期限5到7年（月）,3
债券发行量：期限7到10年（月）,3
债券发行量：期限10年以上（月）,3
主要券种投资者持有结构（月）,3
银行间回购交易统计（日）,3
银行间质押式回购交易（按投资者）（月）,3
银行间买断式回购交易（按投资者）（月）,3
债券发行情况（年）,3
（停止）交易所债券市场总体指标（月）,3
资产管理,2
基金市场总体指标（月）,3
主要基金指数交易行情（日）,3
中国年金指数（日）,3
资产管理业务规模（季）,3
资产管理业务：基金管理公司（季）,3
资产管理业务：证券公司（季）,3
资产管理业务：私募基金管理机构（季）,3
私募基金统计数据（月）,3
证券投资基金跨境发行销售资金汇出入（月）,3
（停止）机构持有开放式基金统计（年）,3
期货市场,2
国内期货交易行情（日）,3
国内期货交易统计：成交量：当月（月）,3
国内期货交易统计：成交量：累计（月）,3
国内期货交易统计：成交金额：当月（月）,3
国内期货交易统计：成交金额：累计（月）,3
国内期货交易统计：成交金额所占份额：累计（月）,3
南华期货商品指数（日）,3
期货投资者开户统计,3
投资者统计,2
投资者开户统计（周）,3
投资者开户统计：全国（月）,3
投资者开户统计：上海（月）,3
投资者开户统计：深圳（月）,3
A股账户持有人市值分布,3
（停止）投资者开户统计（日）,3
（停止）A股账户持有人年龄分布（半年）,3
（停止）A股账户持仓统计（月）,3
（停止）投资者开户地区分布表：新开户：沪市（月）,3
（停止）投资者开户地区分布表：新开户：深市（月）,3
（停止）投资者开户地区分布表：开户总数：沪市（月）,3
（停止）投资者开户地区分布表：开户总数：深市（月）,3
QFII、QDII统计,2
QFII统计,3
QDII统计,3
证券市场交易统计：分地区,2
证券市场交易统计：北京（月）,3
证券市场交易统计：天津（月）,3
证券市场交易统计：河北（月）,3
证券市场交易统计：山西（月）,3
证券市场交易统计：内蒙古（月）,3
证券市场交易统计：辽宁（月）,3
证券市场交易统计：吉林（月）,3
证券市场交易统计：黑龙江（月）,3
证券市场交易统计：上海（月）,3
证券市场交易统计：江苏（月）,3
证券市场交易统计：浙江（月）,3
证券市场交易统计：安徽（月）,3
证券市场交易统计：福建（月）,3
证券市场交易统计：江西（月）,3
证券市场交易统计：山东（月）,3
证券市场交易统计：河南（月）,3
证券市场交易统计：湖北（月）,3
证券市场交易统计：湖南（月）,3
证券市场交易统计：广东（月）,3
证券市场交易统计：广州（月）,3
证券市场交易统计：深圳（月）,3
证券市场交易统计：广西（月）,3
证券市场交易统计：海南（月）,3
证券市场交易统计：重庆（月）,3
证券市场交易统计：四川（月）,3
证券市场交易统计：贵州（月）,3
证券市场交易统计：云南（月）,3
证券市场交易统计：西藏（月）,3
证券市场交易统计：陕西（月）,3
证券市场交易统计：甘肃（月）,3
证券市场交易统计：青海（月）,3
证券市场交易统计：宁夏（月）,3
证券市场交易统计：新疆（月）,3
证券市场交易统计：境外（月）,3
私募股权和创业投资,2
私募股权和创业投资：投资案例和金额（月）,3
私募股权和创业投资：并购案例和金额（月）,3
私募股权和创业投资：股票上市（月）,3
私募股权投资（季）,3
创业投资（季）,3
创业投资（年）,3
全国社保基金,2
全国社保基金：资产负债（年）,3
全国社保基金：收益（年）,3
全国社保基金：权益变动（年）,3
全国社保基金：转持国有股（年）,3
中投公司,2
中投公司投资组合（年）,3
证券登记结算统计,2
证券登记结算统计（周）,3
证券存管	情况统计（月）,3
证券托管市值情况统计：分地区（月）,3
场外市场,2
报价系统业务（月）,3
柜台市场业务（月）,3
场外衍生品交易（月）,3
区域性市场业务（月）,3
报价系统业务（季）,3
财政,1
国家财政收入与支出,2
国家财政收入（月）,3
国家财政支出（月）,3
政府性基金收支（月）,3
全国公共财政收入：分项目（年）,3
全国公共财政支出：分项目（1）（年）,3
全国公共财政支出：分项目（2）（年）,3
国家财政用于农业的支出（年）,3
公共财政收支预算数（年）,3
政府性基金收支预算数（年）,3
国有资本经营收支预算数（年）,3
中央和地方财政收入及比重（年）,3
中央和地方财政支出及比重（年）,3
中央和地方财政主要收入项目（年）,3
中央公共财政支出项目（1）（年）,3
中央公共财政支出项目（2）（年）,3
地方公共财政支出项目（1）（年）,3
地方公共财政支出项目（2）（年）,3
地方公共财政支出项目（3）（年）,3
经济区公共财政收支（年）,3
预算外资金分项目收入（年）,3
预算外资金分项目支出（年）,3
中央和地方预算外资金收支及比重（年）,3
中央对地方税收返还和转移支付（年）,3
中央财政国债余额（年）,3
全国政府性基金收入和支出（年）,3
中央政府性基金收入和支出（年）,3
地方政府性基金收入和支出（年）,3
政府公共投资（年）,3
国有资本经营收支决算（年）,3
全国土地出让收入与支出（年）,3
社会保险基金收支决算数（年）,3
社会保险基金收支预算数（年）,3
政府采购（年）,3
SDDS：财政部门,3
（停止）国家财政用于科学研究的支出（年）,3
（停止）政策性补贴支出（年）,3
（停止）中央财政债务余额（年）,3
外债,2
全口径外债：分部门（季）,3
外债余额（季）,3
外债风险指标（年）,3
对外债权简表,3
政府性债务余额,2
全国政府性债务余额,3
地方政府债务限额（年）,3
地方政府性债务余额：北京,3
地方政府性债务余额：天津,3
地方政府性债务余额：河北,3
地方政府性债务余额：山西,3
地方政府性债务余额：内蒙古,3
地方政府性债务余额：辽宁,3
地方政府性债务余额：吉林,3
地方政府性债务余额：黑龙江,3
地方政府性债务余额：上海,3
地方政府性债务余额：江苏,3
地方政府性债务余额：浙江,3
地方政府性债务余额：安徽,3
地方政府性债务余额：福建,3
地方政府性债务余额：江西,3
地方政府性债务余额：山东,3
地方政府性债务余额：河南,3
地方政府性债务余额：湖北,3
地方政府性债务余额：湖南,3
地方政府性债务余额：广东,3
地方政府性债务余额：广西,3
地方政府性债务余额：海南,3
地方政府性债务余额：重庆,3
地方政府性债务余额：四川,3
地方政府性债务余额：贵州,3
地方政府性债务余额：云南,3
地方政府性债务余额：陕西,3
地方政府性债务余额：甘肃,3
地方政府性债务余额：青海,3
地方政府性债务余额：宁夏,3
地方政府性债务余额：新疆,3
三公经费,2
中央单位三公经费支出预算数（年）,3
中央单位三公经费支出决算数（年）,3
税收收入：分行业,2
税收收入：分行业（年）,3
中央单位部门预算,2
部门预算：外交部（年）,3
部门预算：国家发展和改个委员会（年）,3
部门预算：教育部（年）,3
部门预算：科技部（年）,3
部门预算：工业和信息化部（年）,3
部门预算：国家民族事务委员会（年）,3
部门预算：公安部（年）,3
部门预算：民政部（年）,3
部门预算：财政部（年）,3
部门预算：人力资源与社会保障部（年）,3
部门预算：国土资源部（年）,3
部门预算：环境保护部（年）,3
部门预算：住房和城乡建设部（年）,3
部门预算：交通运输部（年）,3
部门预算：水利部（年）,3
部门预算：农业部（年）,3
部门预算：商务部（年）,3
部门预算：文化部（年）,3
部门预算：国家卫生和计划生育委员会（年）,3
部门预算：监察部（年）,3
部门预算：司法部（年）,3
部门预算：审计署（年）,3
部门预算：中国人民银行（年）,3
部门预算：国务院国有资产监督管理委员会（年）,3
部门预算：海关总署（年）,3
部门预算：国家税务总局（年）,3
部门预算：国家工商行政管理总局（年）,3
部门预算：国家质量监督检验检疫总局（年）,3
部门预算：国家新闻出版广电总局（年）,3
部门预算：国家安全生产监督管理总局（年）,3
部门预算：国家食品药品监督管理总局（年）,3
部门预算：国家体育总局（年）,3
部门预算：国家统计局（年）,3
部门预算：国家林业局（年）,3
部门预算：国家知识产权局（年）,3
部门预算：国家旅游局（年）,3
部门预算：国家宗教事务局（年）,3
部门预算：国务院参事室（年）,3
部门预算：中国地震局（年）,3
部门预算：中国气象局（年）,3
部门预算：国家铁路局（年）,3
部门预算：中国民用航空局（年）,3
部门预算：国家物资储备局（年）,3
部门预算：国家粮食局（年）,3
部门预算：国家能源局（年）,3
部门预算：国家外汇管理局（年）,3
部门预算：国家海洋局（年）,3
部门预算：国家测绘地理信息局（年）,3
部门预算：国家邮政局（年）,3
部门预算：国家文物局（年）,3
部门预算：国家中医药管理局（年）,3
部门预算：国家档案局（年）,3
部门预算：国家外国专家局（年）,3
部门预算：国家信访局（年）,3
部门预算：国务院办公厅（年）,3
部门预算：国务院扶贫开发领导小组办公室（年）,3
部门预算：国务院法制办公室（年）,3
部门预算：国务院三峡工程建设委员会办公室（年）,3
部门预算：国务院南水北调工程建设委员会办公室（年）,3
部门预算：国务院发展研究中心（年）,3
部门预算：中共中央国家机关工作委员会（年）,3
部门预算：中国银行业监督管理委员会（年）,3
部门预算：中国证券监督管理委员会（年）,3
部门预算：中国保险监督管理委员会（年）,3
部门预算：全国社会保障基金理事会（年）,3
部门预算：国家自然科学基金委员会（年）,3
部门预算：新华通讯社（年）,3
部门预算：中国工程院（年）,3
部门预算：中国科学院（年）,3
部门预算：中国社会科学院（年）,3
部门预算：国家行政学院（年）,3
部门预算：全国人大常委会办公厅（年）,3
部门预算：全国政协办公厅（年）,3
部门预算：最高人民检察院（年）,3
部门预算：中共中央党校（年）,3
部门预算：共青团中央（年）,3
部门预算：中华全国工商业联合会（年）,3
部门预算：中国文学艺术界联合会（年）,3
部门预算：中华全国供销合作总社（年）,3
部门预算：中华全国妇女联合会（年）,3
部门预算：中国宋庆龄基金会（年）,3
部门预算：中国人民对外友好协会（年）,3
部门预算：中国红十字总会（年）,3
部门预算：中国作家协会（年）,3
部门预算：中华全国新闻工作者协会（年）,3
部门预算：中国国际贸易促进委员会（年）,3
部门预算：中华全国归国华侨联合会（年）,3
部门预算：中国残疾人联合会（年）,3
部门预算：中国法学会（年）,3
中央单位部门决算,2
部门决算：外交部（年）,3
部门决算：国家发展和改个委员会（年）,3
部门决算：教育部（年）,3
部门决算：科技部（年）,3
部门决算：工业和信息化部（年）,3
部门决算：国家民族事务委员会（年）,3
部门决算：公安部（年）,3
部门决算：民政部（年）,3
部门决算：财政部（年）,3
部门决算：人力资源与社会保障部（年）,3
部门决算：国土资源部（年）,3
部门决算：环境保护部（年）,3
部门决算：住房和城乡建设部（年）,3
部门决算：交通运输部（年）,3
部门决算：水利部（年）,3
部门决算：农业部（1）（年）,3
部门决算：农业部（2）（年）,3
部门决算：商务部（年）,3
部门决算：文化部（年）,3
部门决算：国家卫生和计划生育委员会（年）,3
部门决算：监察部（年）,3
部门决算：司法部（年）,3
部门决算：审计署（年）,3
部门决算：中国人民银行（年）,3
部门决算：国务院国有资产监督管理委员会（年）,3
部门决算：海关总署（年）,3
部门决算：国家税务总局（年）,3
部门决算：国家工商行政管理总局（年）,3
部门决算：国家质量监督检验检疫总局（年）,3
部门决算：国家新闻出版广电总局（年）,3
部门决算：国家安全生产监督管理总局（年）,3
部门决算：国家食品药品监督管理总局（年）,3
部门决算：国家体育总局（年）,3
部门决算：国家统计局（年）,3
部门决算：国家林业局（年）,3
部门决算：国家知识产权局（年）,3
部门决算：国家旅游局（年）,3
部门决算：国家宗教事务局（年）,3
部门决算：国务院参事室（年）,3
部门决算：中国地震局（年）,3
部门决算：中国气象局（年）,3
部门决算：国家铁路局（年）,3
部门决算：中国民用航空局（年）,3
部门决算：国家物资储备局（年）,3
部门决算：国家粮食局（年）,3
部门决算：国家能源局（年）,3
部门决算：国家外汇管理局（年）,3
部门决算：国家海洋局（年）,3
部门决算：国家测绘地理信息局（年）,3
部门决算：国家邮政局（年）,3
部门决算：国家中医药管理局（年）,3
部门决算：国家档案局（年）,3
部门决算：国家外国专家局（年）,3
部门决算：国家信访局（年）,3
部门决算：国务院办公厅/国务院研究室（年）,3
部门决算：国务院扶贫开发领导小组办公室（年）,3
部门决算：国务院法制办公室（年）,3
部门决算：国务院三峡工程建设委员会办公室（年）,3
部门决算：国务院南水北调工程建设委员会办公室（年）,3
部门决算：国务院发展研究中心（年）,3
部门决算：中共中央国家机关工作委员会（年）,3
部门决算：中国银行业监督管理委员会（年）,3
部门决算：中国证券监督管理委员会（年）,3
部门决算：中国保险监督管理委员会（年）,3
部门决算：全国社会保障基金理事会（年）,3
部门决算：国家自然科学基金委员会（年）,3
部门决算：新华通讯社（年）,3
部门决算：中国工程院（年）,3
部门决算：中国科学院（年）,3
部门决算：中国社会科学院（年）,3
部门决算：国家行政学院（年）,3
部门决算：全国人大常委会办公厅（年）,3
部门决算：全国政协办公厅（年）,3
部门决算：最高人民检察院（年）,3
部门决算：中共中央党校（年）,3
部门决算：共青团中央（年）,3
部门决算：中华全国工商业联合会（年）,3
部门决算：中国文学艺术界联合会（年）,3
部门决算：中华全国供销合作总社（年）,3
部门决算：中华全国妇女联合会（年）,3
部门决算：中国宋庆龄基金会（年）,3
部门决算：中国人民对外友好协会（年）,3
部门决算：中国红十字总会（年）,3
部门决算：中国作家协会（年）,3
部门决算：中华全国新闻工作者协会（年）,3
部门决算：中国国际贸易促进委员会（年）,3
部门决算：中华全国归国华侨联合会（年）,3
部门决算：中国残疾人联合会（年）,3
部门决算：中国法学会（年）,3
（停止）部门决算：国家电力监管委员会（年）,3
彩票,2
彩票销售（月）,3
彩票销售：分地区（月）,3
彩票公益金（年）,3
财政：北京,2
北京：地方公共财政收支（月）,3
北京：地方公共财政收支（年）,3
北京：地方政府性基金收支（年）,3
北京：地方国有资本经营收支（年）,3
北京：三公经费预算（年）,3
北京：税收收入：分行业（年）,3
北京：分区县：公共财政收支平衡（年）,3
北京：分区县：政府性基金收支平衡（年）,3
北京：分区县：财政供养人口（年）,3
财政：天津,2
天津：地方公共财政收支（月）,3
天津：地方公共财政收支（年）,3
天津：地方政府性基金收支（年）,3
天津：三公经费预算（年）,3
天津：税收收入：分行业（年）,3
天津：分区县：地方公共财政收支（年）,3
天津：分区县：公共财政收支平衡（年）,3
天津：分区县：政府性基金收支平衡（年）,3
天津：分区县：财政供养人口（年）,3
财政：河北,2
河北：地方公共财政收支（月）,3
河北：地方公共财政收支（年）,3
河北：地方政府性基金收支（年）,3
河北：三公经费预算（年）,3
河北：税收收入：分行业（年）,3
河北：地级市：月度财政收支（月）,3
河北：地级市：年度财政收支（年）,3
河北：县级市：年度财政收支（年）,3
河北：地级市：公共财政收支平衡（年）,3
河北：分区县：公共财政收支平衡（1）（年）,3
河北：分区县：公共财政收支平衡（2）（年）,3
河北：分区县：公共财政收支平衡（3）（年）,3
河北：分区县：公共财政收支平衡（4）（年）,3
河北：分区县：公共财政收支平衡（5）（年）,3
河北：地级市：政府性基金收支平衡（年）,3
河北：分区县：政府性基金收支平衡（1）（年）,3
河北：分区县：政府性基金收支平衡（2）（年）,3
河北：分区县：政府性基金收支平衡（3）（年）,3
河北：地级市：财政供养人口（年）,3
河北：分区县：财政供养人口（1）（年）,3
河北：分区县：财政供养人口（2）（年）,3
财政：山西,2
山西：地方公共财政收支（月）,3
山西：地方公共财政收支（年）,3
山西：地方政府性基金收支（年）,3
山西：地方国有资本经营收支（年）,3
山西：三公经费预算（年）,3
山西：税收收入：分行业（年）,3
山西：地级市：月度财政收支（月）,3
山西：地级市：年度财政收支（年）,3
山西：县级市：年度财政收支（年）,3
山西：地级市：公共财政收支平衡（年）,3
山西：分区县：公共财政收支平衡（1）（年）,3
山西：分区县：公共财政收支平衡（2）（年）,3
山西：分区县：公共财政收支平衡（3）（年）,3
山西：地级市：政府性基金收支平衡（年）,3
山西：分区县：政府性基金收支平衡（1）（年）,3
山西：分区县：政府性基金收支平衡（2）（年）,3
山西：地级市：财政供养人口（年）,3
山西：分区县：财政供养人口（1）（年）,3
山西：分区县：财政供养人口（2）（年）,3
财政：内蒙古,2
内蒙古：地方公共财政收支（月）,3
内蒙古：地方公共财政收支（年）,3
内蒙古：地方政府性基金收支（年）,3
内蒙古：地方国有资本经营收支（年）,3
内蒙古：三公经费预算（年）,3
内蒙古：税收收入：分行业（年）,3
内蒙古：地级市：月度财政收支（月）,3
内蒙古：地级市：年度财政收支（年）,3
内蒙古：县级市：年度财政收支（年）,3
内蒙古：地级市：公共财政收支平衡（年）,3
内蒙古：分区县：公共财政收支平衡（1）（年）,3
内蒙古：分区县：公共财政收支平衡（2）（年）,3
内蒙古：地级市：政府性基金收支平衡（年）,3
内蒙古：分区县：政府性基金收支平衡（1）（年）,3
内蒙古：分区县：政府性基金收支平衡（2）（年）,3
内蒙古：地级市：财政供养人口（年）,3
内蒙古：分区县：财政供养人口（年）,3
财政：辽宁,2
辽宁：地方公共财政收支（月）,3
辽宁：地方公共财政收支（年）,3
辽宁：地方政府性基金收支（年）,3
辽宁：税收收入：分行业（年）,3
辽宁：地级市：月度财政收支（月）,3
辽宁：地级市：年度财政收支（年）,3
辽宁：县级市：年度财政收支（年）,3
辽宁：地级市：公共财政收支平衡（年）,3
辽宁：分区县：公共财政收支平衡（1）（年）,3
辽宁：分区县：公共财政收支平衡（2）（年）,3
辽宁：分区县：公共财政收支平衡（3）（年）,3
辽宁：地级市：政府性基金收支平衡（年）,3
辽宁：分区县：政府性基金收支平衡（1）（年）,3
辽宁：分区县：政府性基金收支平衡（2）（年）,3
辽宁：地级市：财政供养人口（年）,3
辽宁：分区县：财政供养人口（年）,3
财政：吉林,2
吉林：地方公共财政收支（月）,3
吉林：地方公共财政收支（年）,3
吉林：地方政府性基金收支（年）,3
吉林：地方国有资本经营收支（年）,3
吉林：三公经费预算（年）,3
吉林：税收收入：分行业（年）,3
吉林：地级市：月度财政收支（月）,3
吉林：地级市：年度财政收支（年）,3
吉林：县级市：年度财政收支（年）,3
吉林：地级市：公共财政收支平衡（年）,3
吉林：分区县：公共财政收支平衡（1）（年）,3
吉林：分区县：公共财政收支平衡（2）（年）,3
吉林：地级市：政府性基金收支平衡（年）,3
吉林：分区县：政府性基金收支平衡（年）,3
吉林：地级市：财政供养人口（年）,3
吉林：分区县：财政供养人口（年）,3
财政：黑龙江,2
黑龙江：地方公共财政收支（月）,3
黑龙江：地方公共财政收支（年）,3
黑龙江：地方政府性基金收支（年）,3
黑龙江：地方国有资本经营收支（年）,3
黑龙江：三公经费预算（年）,3
黑龙江：税收收入：分行业（年）,3
黑龙江：地级市：月度财政收支（月）,3
黑龙江：地级市：年度财政收支（年）,3
黑龙江：县级市：年度财政收支（年）,3
黑龙江：地级市：公共财政收支平衡（年）,3
黑龙江：分区县：公共财政收支平衡（1）（年）,3
黑龙江：分区县：公共财政收支平衡（2）（年）,3
黑龙江：分区县：公共财政收支平衡（3）（年）,3
黑龙江：地级市：政府性基金收支平衡（年）,3
黑龙江：分区县：政府性基金收支平衡（1）（年）,3
黑龙江：分区县：政府性基金收支平衡（2）（年）,3
黑龙江：地级市：财政供养人口（年）,3
黑龙江：分区县：财政供养人口（年）,3
财政：上海,2
上海：地方公共财政收支（月）,3
上海：地方公共财政收支（年）,3
上海：地方政府性基金收支（年）,3
上海：地方国有资本经营收支（年）,3
上海：三公经费预算（年）,3
上海：税收收入：分行业（年）,3
上海：分区县：地方公共财政收支（年）,3
上海：分区县：公共财政收支平衡（年）,3
上海：地级市：政府性基金收支平衡（年）,3
上海：分区县：财政供养人口（年）,3
财政：江苏,2
江苏：地方公共财政收支（月）,3
江苏：地方公共财政收支（年）,3
江苏：地方政府性基金收支（年）,3
江苏：三公经费预算（年）,3
江苏：税收收入：分行业（年）,3
江苏：地级市：月度财政收支（月）,3
江苏：地级市：年度财政收支（年）,3
江苏：县级市：年度财政收支（年）,3
江苏：地级市：公共财政收支平衡（年）,3
江苏：分区县：公共财政收支平衡（1）（年）,3
江苏：分区县：公共财政收支平衡（2）（年）,3
江苏：分区县：公共财政收支平衡（3）（年）,3
江苏：地级市：政府性基金收支平衡（年）,3
江苏：分区县：政府性基金收支平衡（1）（年）,3
江苏：分区县：政府性基金收支平衡（2）（年）,3
江苏：地级市：财政供养人口（年）,3
江苏：分区县：财政供养人口（1）（年）,3
江苏：分区县：财政供养人口（2）（年）,3
财政：浙江,2
浙江：地方公共财政收支（月）,3
浙江：地方公共财政收支（年）,3
浙江：地方政府性基金收支（年）,3
浙江：三公经费预算（年）,3
浙江：税收收入：分行业（年）,3
浙江：地级市：月度财政收支（月）,3
浙江：地级市：年度财政收支（年）,3
浙江：县级市：年度财政收支（年）,3
浙江：地级市：公共财政收支平衡（年）,3
浙江：分区县：公共财政收支平衡（1）（年）,3
浙江：分区县：公共财政收支平衡（2）（年）,3
浙江：地级市：政府性基金收支平衡（年）,3
浙江：分区县：政府性基金收支平衡（1）（年）,3
浙江：分区县：政府性基金收支平衡（2）（年）,3
浙江：地级市：财政供养人口（年）,3
浙江：分区县：财政供养人口（年）,3
财政：安徽,2
安徽：地方公共财政收支（月）,3
安徽：地方公共财政收支（年）,3
安徽：地方政府性基金收支（年）,3
安徽：三公经费预算（年）,3
安徽：税收收入：分行业（年）,3
安徽：地级市：月度财政收支（月）,3
安徽：地级市：月度财政收支（年）,3
安徽：县级市：月度财政收支（年）,3
安徽：地级市：公共财政收支平衡（年）,3
安徽：分区县：公共财政收支平衡（1）（年）,3
安徽：分区县：公共财政收支平衡（2）（年）,3
安徽：分区县：公共财政收支平衡（3）（年）,3
安徽：地级市：政府性基金收支平衡（年）,3
安徽：分区县：政府性基金收支平衡（1）（年）,3
安徽：分区县：政府性基金收支平衡（2）（年）,3
安徽：地级市：财政供养人口（年）,3
安徽：分区县：财政供养人口（1）（年）,3
安徽：分区县：财政供养人口（2）（年）,3
财政：福建,2
福建：地方公共财政收支（月）,3
福建：地方公共财政收支（年）,3
福建：地方政府性基金收支（年）,3
福建：三公经费预算（年）,3
福建：税收收入：分行业（年）,3
福建：地级市：月度财政收支（月）,3
福建：地级市：年度财政收支（年）,3
福建：县级市：年度财政收支（年）,3
福建：地级市：公共财政收支平衡（年）,3
福建：分区县：公共财政收支平衡（1）（年）,3
福建：分区县：公共财政收支平衡（2）（年）,3
福建：分区县：公共财政收支平衡（3）（年）,3
福建：地级市：政府性基金收支平衡（年）,3
福建：分区县：政府性基金收支平衡（1）（年）,3
福建：分区县：政府性基金收支平衡（2）（年）,3
福建：地级市：财政供养人口（年）,3
福建：分区县：财政供养人口（年）,3
财政：江西,2
江西：地方公共财政收支（月）,3
江西：地方公共财政收支（年）,3
江西：地方政府性基金收支（年）,3
江西：税收收入：分行业（年）,3
江西：地级市：月度财政收支（月）,3
江西：地级市：年度财政收支（年）,3
江西：县级市：年度财政收支（年）,3
江西：地级市：公共财政收支平衡（年）,3
江西：分区县：公共财政收支平衡（1）（年）,3
江西：分区县：公共财政收支平衡（2）（年）,3
江西：分区县：公共财政收支平衡（3）（年）,3
江西：地级市：政府性基金收支平衡（年）,3
江西：分区县：政府性基金收支平衡（1）（年）,3
江西：分区县：政府性基金收支平衡（2）（年）,3
江西：地级市：财政供养人口（年）,3
江西：分区县：财政供养人口（年）,3
财政：山东,2
山东：地方公共财政收支（月）,3
山东：地方公共财政收支（年）,3
山东：地方政府性基金收支（年）,3
山东：地方国有资本经营收支（年）,3
山东：三公经费预算（年）,3
山东：税收收入：分行业（年）,3
山东：地级市：月度财政收支（月）,3
山东：地级市：年度财政收支（年）,3
山东：县级市：年度财政收支（年）,3
山东：地级市：公共财政收支平衡（年）,3
山东：分区县：公共财政收支平衡（1）（年）,3
山东：分区县：公共财政收支平衡（2）（年）,3
山东：分区县：公共财政收支平衡（3）（年）,3
山东：分区县：公共财政收支平衡（4）（年）,3
山东：地级市：政府性基金收支平衡（年）,3
山东：分区县：政府性基金收支平衡（1）（年）,3
山东：分区县：政府性基金收支平衡（2）（年）,3
山东：地级市：财政供养人口（年）,3
山东：分区县：财政供养人口（1）（年）,3
山东：分区县：财政供养人口（2）（年）,3
财政：河南,2
河南：地方公共财政收支（月）,3
河南：地方政府性基金收支（年）,3
河南：地方国有资本经营收支（年）,3
河南：三公经费预算（年）,3
河南：税收收入：分行业（年）,3
河南：地级市：月度财政收支（月）,3
河南：地级市：年度财政收支（年）,3
河南：县级市：年度财政收支（年）,3
河南：地级市：公共财政收支平衡（年）,3
河南：分区县：公共财政收支平衡（1）（年）,3
河南：分区县：公共财政收支平衡（2）（年）,3
河南：分区县：公共财政收支平衡（3）（年）,3
河南：分区县：公共财政收支平衡（4）（年）,3
河南：分区县：公共财政收支平衡（5）（年）,3
河南：地级市：政府性基金收支平衡（年）,3
河南：分区县：政府性基金收支平衡（1）（年）,3
河南：分区县：政府性基金收支平衡（2）（年）,3
河南：分区县：政府性基金收支平衡（3）（年）,3
河南：地级市：财政供养人口（年）,3
河南：分区县：财政供养人口（1）（年）,3
河南：分区县：财政供养人口（2）（年）,3
财政：湖北,2
湖北：地方公共财政收支（月）,3
湖北：地方公共财政收支（年）,3
湖北：地方政府性基金收支（年）,3
湖北：地方国有资本经营收支（年）,3
湖北：税收收入：分行业（年）,3
湖北：地级市：月度财政收支（月）,3
湖北：地级市：年度财政收支（年）,3
湖北：县级市：年度财政收支（年）,3
湖北：地级市：公共财政收支平衡（年）,3
湖北：分区县：公共财政收支平衡（1）（年）,3
湖北：分区县：公共财政收支平衡（2）（年）,3
湖北：分区县：公共财政收支平衡（3）（年）,3
湖北：地级市：政府性基金收支平衡（年）,3
湖北：分区县：政府性基金收支平衡（1）（年）,3
湖北：分区县：政府性基金收支平衡（2）（年）,3
湖北：地级市：财政供养人口（年）,3
湖北：分区县：财政供养人口（年）,3
财政：湖南,2
湖南：地方公共财政收支（月）,3
湖南：地方公共财政收支（年）,3
湖南：地方政府性基金收支（年）,3
湖南：地方国有资本经营收支（年）,3
湖南：三公经费预算（年）,3
湖南：税收收入：分行业（年）,3
湖南：地级市：月度财政收支（月）,3
湖南：地级市：年度财政收支（年）,3
湖南：县级市：年度财政收支（年）,3
湖南：地级市：公共财政收支平衡（年）,3
湖南：分区县：公共财政收支平衡（1）（年）,3
湖南：分区县：公共财政收支平衡（2）（年）,3
湖南：分区县：公共财政收支平衡（3）（年）,3
湖南：分区县：公共财政收支平衡（4）（年）,3
湖南：地级市：政府性基金收支平衡（年）,3
湖南：分区县：政府性基金收支平衡（1）（年）,3
湖南：分区县：政府性基金收支平衡（2）（年）,3
湖南：分区县：政府性基金收支平衡（3）（年）,3
湖南：地级市：财政供养人口（年）,3
湖南：分区县：财政供养人口（1）（年）,3
湖南：分区县：财政供养人口（2）（年）,3
财政：广东,2
广东：地方公共财政收支（月）,3
广东：地方公共财政收支（年）,3
广东：地方政府性基金收支（年）,3
广东：地方国有资本经营收支（年）,3
广东：税收收入：分行业（年）,3
广东：地级市：月度财政收支（月）,3
广东：地级市：年度财政收支（年）,3
广东：县级市：年度财政收支（年）,3
广东：地级市：公共财政收支平衡（1）(年),3
广东：地级市：公共财政收支平衡（2）(年),3
广东：分区县：公共财政收支平衡（1）(年),3
广东：分区县：公共财政收支平衡（2）(年),3
广东：分区县：公共财政收支平衡（3）(年),3
广东：地级市：政府性基金收支平衡（年）,3
广东：分区县：政府性基金收支平衡（1）（年）,3
广东：分区县：政府性基金收支平衡（2）（年）,3
广东：地级市：财政供养人口（年）,3
广东：分区县：财政供养人口（1）（年）,3
广东：分区县：财政供养人口（2）（年）,3
财政：广西,2
广西：地方公共财政收支（月）,3
广西：地方公共财政收支（年）,3
广西：地方政府性基金收支（年）,3
广西：地方国有资本经营收支（年）,3
广西：三公经费预算（年）,3
广西：税收收入：分行业（年）,3
广西：地级市：月度财政收支（月）,3
广西：地级市：年度财政收支（年）,3
广西：县级市：年度财政收支（年）,3
广西：地级市：公共财政收支平衡（年）,3
广西：分区县：公共财政收支平衡（1）（年）,3
广西：分区县：公共财政收支平衡（2）（年）,3
广西：分区县：公共财政收支平衡（3）（年）,3
广西：地级市：政府性基金收支平衡（年）,3
广西：分区县：政府性基金收支平衡（1）（年）,3
广西：分区县：政府性基金收支平衡（2）（年）,3
广西：地级市：财政供养人口（年）,3
广西：分区县：财政供养人口（1）（年）,3
广西：分区县：财政供养人口（2）（年）,3
财政：海南,2
海南：地方公共财政收支（月）,3
海南：地方公共财政收支（年）,3
海南：地方政府性基金收支（年）,3
海南：地方国有资本经营收支（年）,3
海南：税收收入：分行业（年）,3
海南：地级市：月度财政收支（月）,3
海南：地级市：年度财政收支（年）,3
海南：县级市：年度财政收支（年）,3
海南：地级市：公共财政收支平衡（年）,3
海南：分区县：公共财政收支平衡（年）,3
海南：地级市：政府性基金收支平衡（年）,3
海南：分区县：政府性基金收支平衡（年）,3
海南：地级市：财政供养人口（年）,3
海南：分区县：财政供养人口（年）,3
财政：重庆,2
重庆：地方公共财政收支（月）,3
重庆：地方公共财政收支（年）,3
重庆：地方政府性基金收支（年）,3
重庆：地方国有资本经营收支（年）,3
重庆：税收收入：分行业（年）,3
重庆：分区县：地方公共财政收支（年）,3
重庆：分区县：公共财政收支平衡（年）,3
重庆：分区县：政府性基金收支平衡（年）,3
重庆：分区县：财政供养人口（年）,3
财政：四川,2
四川：地方公共财政收支（月）,3
四川：地方公共财政收支（年）,3
四川：地方政府性基金收支（年）,3
四川：税收收入：分行业（年）,3
四川：地级市：月度财政收支（月）,3
四川：地级市：年度财政收支（年）,3
四川：县级市：年度财政收支（年）,3
四川：地级市：公共财政收支平衡（1）（年）,3
四川：地级市：公共财政收支平衡（2）（年）,3
四川：分区县：公共财政收支平衡（1）（年）,3
四川：分区县：公共财政收支平衡（2）（年）,3
四川：分区县：公共财政收支平衡（3）（年）,3
四川：分区县：公共财政收支平衡（4）（年）,3
四川：地级市：政府性基金收支平衡（年）,3
四川：分区县：政府性基金收支平衡（1）（年）,3
四川：分区县：政府性基金收支平衡（2）（年）,3
四川：分区县：政府性基金收支平衡（3）（年）,3
四川：地级市：财政供养人口（年）,3
四川：分区县：财政供养人口（1）（年）,3
四川：分区县：财政供养人口（2）（年）,3
财政：贵州,2
贵州：地方公共财政收支（月）,3
贵州：地方公共财政收支（年）,3
贵州：地方政府性基金收支（年）,3
贵州：地方国有资本经营收支（年）,3
贵州：三公经费预算（年）,3
贵州：税收收入：分行业（年）,3
贵州：地级市：月度财政收支（月）,3
贵州：地级市：年度财政收支（年）,3
贵州：县级市：年度财政收支（年）,3
贵州：地级市：公共财政收支平衡（年）,3
贵州：分区县：公共财政收支平衡（1）（年）,3
贵州：分区县：公共财政收支平衡（2）（年）,3
贵州：地级市：政府性基金收支平衡（年）,3
贵州：分区县：政府性基金收支平衡（1）（年）,3
贵州：分区县：政府性基金收支平衡（2）（年）,3
贵州：地级市：财政供养人口（年）,3
贵州：分区县：财政供养人口（年）,3
财政：云南,2
云南：地方公共财政收支（月）,3
云南：地方公共财政收支（1）（年）,3
云南：地方公共财政收支（2）（年）,3
云南：地方政府性基金收支（年）,3
云南：地方国有资本经营收支（年）,3
云南：三公经费预算（年）,3
云南：税收收入：分行业（年）,3
云南：地级市：月度财政收支（月）,3
云南：地级市：年度财政收支（年）,3
云南：县级市：年度财政收支（年）,3
云南：公共财政收支平衡（年）,3
云南：分区县：公共财政收支平衡（1）（年）,3
云南：分区县：公共财政收支平衡（2）（年）,3
云南：分区县：公共财政收支平衡（3）（年）,3
云南：地级市：政府性基金收支平衡（年）,3
云南：分区县：政府性基金收支平衡（1）（年）,3
云南：分区县：政府性基金收支平衡（2）（年）,3
云南：地级市：财政供养人口（年）,3
云南：分区县：财政供养人口（1）（年）,3
云南：分区县：财政供养人口（2）（年）,3
财政：西藏,2
西藏：地方公共财政收支（月）,3
西藏：地方公共财政收支（年）,3
西藏：三公经费预算（年）,3
西藏：税收收入：分行业（年）,3
西藏：地级市：年度财政收支（年）,3
西藏：县级市：年度财政收支（年）,3
西藏：分区县：公共财政收支平衡（1）（年）,3
西藏：分区县：公共财政收支平衡（2）（年）,3
西藏：地级市：政府性基金收支平衡（年）,3
西藏：分区县：政府性基金收支平衡（年）,3
西藏：地级市：财政供养人口（年）,3
西藏：分区县：财政供养人口（年）,3
财政：陕西,2
陕西：地方公共财政收支（月）,3
陕西：地方公共财政收支（年）,3
陕西：地方政府性基金收支（年）,3
陕西：地方国有资本经营收支（年）,3
陕西：三公经费预算（年）,3
陕西：税收收入：分行业（年）,3
陕西：地级市：月度财政收支（月）,3
陕西：地级市：年度财政收支（年）,3
陕西：县级市：年度财政收支（年）,3
陕西：地级市：公共财政收支平衡（年）,3
陕西：分区县：公共财政收支平衡（1）（年）,3
陕西：分区县：公共财政收支平衡（2）（年）,3
陕西：分区县：公共财政收支平衡（3）（年）,3
陕西：地级市：政府性基金收支平衡（年）,3
陕西：分区县：政府性基金收支平衡（1）（年）,3
陕西：分区县：政府性基金收支平衡（2）（年）,3
陕西：地级市：财政供养人口（年）,3
陕西：分区县：财政供养人口（年）,3
财政：甘肃,2
甘肃：地方公共财政收支（月）,3
甘肃：地方公共财政收支（年）,3
甘肃：地方政府性基金收支（年）,3
甘肃：地方国有资本经营收支（年）,3
甘肃：三公经费预算（年）,3
甘肃：税收收入：分行业（年）,3
甘肃：地级市：月度财政收支（月）,3
甘肃：地级市：年度财政收支（年）,3
甘肃：县级市：年度财政收支（年）,3
甘肃：地级市：公共财政收支平衡（年）,3
甘肃：分区县：公共财政收支平衡（1）（年）,3
甘肃：分区县：公共财政收支平衡（2）（年）,3
甘肃：地级市：财政供养人口（年）,3
甘肃：分区县：财政供养人口（年）,3
财政：青海,2
青海：地方公共财政收支（月）,3
青海：地方公共财政收支（1）（年）,3
青海：地方公共财政收支（2）（年）,3
青海：地方政府性基金收支（年）,3
青海：地方国有资本经营收支（年）,3
青海：税收收入：分行业（年）,3
青海：地级市：月度财政收支（月）,3
青海：地级市：年度财政收支（年）,3
青海：县级市：年度财政收支（年）,3
青海：地级市：公共财政收支平衡（年）,3
青海：分区县：公共财政收支平衡（年）,3
青海：地级市：政府性基金收支平衡（年）,3
青海：分区县：政府性基金收支平衡（年）,3
青海：地级市：财政供养人口（年）,3
青海：分区县：财政供养人口（年）,3
财政：宁夏,2
宁夏：地方公共财政收支（月）,3
宁夏：地方公共财政收支（年）,3
宁夏：三公经费预算（年）,3
宁夏：税收收入：分行业（年）,3
宁夏：地级市：月度财政收支（月）,3
宁夏：地级市：年度财政收支（年）,3
宁夏：县级市：年度财政收支（年）,3
宁夏：地级市：公共财政收支平衡（年）,3
宁夏：分区县：公共财政收支平衡（年）,3
宁夏：地级市：政府性基金收支平衡（年）,3
宁夏：分区县：政府性基金收支平衡（年）,3
宁夏：地级市：财政供养人口（年）,3
宁夏：分区县：财政供养人口（年）,3
财政：新疆,2
新疆：地方公共财政收支（月）,3
新疆：地方公共财政收支（年）,3
新疆：地方政府性基金收支（年）,3
新疆：税收收入：分行业（年）,3
新疆：地级市：月度财政收支（月）,3
新疆：地级市：年度财政收支（年）,3
新疆：县级市：年度财政收支（年）,3
新疆：地级市：公共财政收支平衡（年）,3
新疆：分区县：公共财政收支平衡（1）（年）,3
新疆：分区县：公共财政收支平衡（2）（年）,3
新疆：分区县：公共财政收支平衡（3）（年）,3
新疆：地级市：政府性基金收支平衡（年）,3
新疆：分区县：政府性基金收支平衡（1）（年）,3
新疆：分区县：政府性基金收支平衡（2）（年）,3
新疆：地级市：财政供养人口（年）,3
新疆：地级市：财政供养人口（年）,3
就业与工资,1
就业,2
城镇新增就业人数（月）,3
城镇单位就业人数及失业率（季）,3
城镇单位就业人数：分行业（季）,3
全国职业供求分析（季）,3
主要城市岗位需求（季）,3
就业基本情况（年）,3
城镇非私营单位就业人员数：分行业（年）,3
城镇非私营单位就业人员数：按细行业分：所有单位（年）,3
城镇非私营单位就业人员数：按细行业分：国有单位（年）,3
城镇非私营单位就业人员数：按细行业分：城镇集体单位（年）,3
城镇非私营单位就业人员数：按细行业分：其他单位（年）,3
城镇非私营单位就业人员数：按登记注册类型分（年）,3
乡镇企业就业人员（年）,3
公共就业服务工作（年）,3
工资,2
人力资源指数（月）,3
城镇单位就业人员工资（季）,3
城镇单位就业人员工资：分行业（季）,3
城镇非私营单位就业人员工资总额和指数（年）,3
城镇非私营单位就业人员平均工资和指数（年）,3
城镇非私营单位就业人员工资总额：分行业（年）,3
城镇非私营单位就业人员平均工资：分行业（年）,3
城镇私营单位就业人员平均工资（年）,3
规模以上单位就业人员平均工资：分岗位（年）,3
规模以上单位就业人员平均工资：分行业分岗位（年）,3
个人所得税起征点（年）,3
最低工资标准,2
月最低工资标准：省及直辖市（年）,3
月最低工资标准：城市（年）,3
小时最低工资标准：省及直辖市（年）,3
农民工,2
农民工统计（季）,3
农民工统计（年）,3
农民工统计：按输出地（年）,3
农民工统计：按就业区域（年）,3
农民工统计：文化程度和技能培训（年）,3
农民工统计：分行业（年）,3
农民工统计：社会保障（年）,3
就业与工资：省及直辖市,2
就业与工资：北京（季）,3
就业与工资：天津（季）,3
就业与工资：河北（季）,3
就业与工资：山西（季）,3
就业与工资：内蒙古（季）,3
就业与工资：辽宁（季）,3
就业与工资：吉林（季）,3
就业与工资：黑龙江（季）,3
就业与工资：上海（季）,3
就业与工资：江苏（季）,3
就业与工资：浙江（季）,3
就业与工资：安徽（季）,3
就业与工资：福建（季）,3
就业与工资：江西（季）,3
就业与工资：山东（季）,3
就业与工资：河南（季）,3
就业与工资：湖北（季）,3
就业与工资：湖南（季）,3
就业与工资：广东（季）,3
就业与工资：广西（季）,3
就业与工资：海南（季）,3
就业与工资：重庆（季）,3
就业与工资：四川（季）,3
就业与工资：贵州（季）,3
就业与工资：云南（季）,3
就业与工资：西藏（季）,3
就业与工资：陕西（季）,3
就业与工资：甘肃（季）,3
就业与工资：青海（季）,3
就业与工资：宁夏（季）,3
就业与工资：新疆（季）,3
就业与工资：北京（年）,3
就业与工资：天津（年）,3
就业与工资：河北（年）,3
就业与工资：山西（年）,3
就业与工资：内蒙古（年）,3
就业与工资：辽宁（年）,3
就业与工资：吉林（年）,3
就业与工资：黑龙江（年）,3
就业与工资：上海（年）,3
就业与工资：江苏（年）,3
就业与工资：浙江（年）,3
就业与工资：安徽（年）,3
就业与工资：福建（年）,3
就业与工资：江西（年）,3
就业与工资：山东（年）,3
就业与工资：河南（年）,3
就业与工资：湖北（年）,3
就业与工资：湖南（年）,3
就业与工资：广东（年）,3
就业与工资：广西（年）,3
就业与工资：海南（年）,3
就业与工资：重庆（年）,3
就业与工资：四川（年）,3
就业与工资：贵州（年）,3
就业与工资：云南（年）,3
就业与工资：西藏（年）,3
就业与工资：陕西（年）,3
就业与工资：甘肃（年）,3
就业与工资：青海（年）,3
就业与工资：宁夏（年）,3
就业与工资：新疆（年）,3
就业与工资：经济区（年）,3
就业与工资：分行业：省及直辖市,2
就业与工资：分行业：北京（年）,3
就业与工资：分行业：天津（年）,3
就业与工资：分行业：河北（年）,3
就业与工资：分行业：山西（年）,3
就业与工资：分行业：内蒙古（年）,3
就业与工资：分行业：辽宁（年）,3
就业与工资：分行业：吉林（年）,3
就业与工资：分行业：黑龙江（年）,3
就业与工资：分行业：上海（年）,3
就业与工资：分行业：江苏（年）,3
就业与工资：分行业：浙江（年）,3
就业与工资：分行业：安徽（年）,3
就业与工资：分行业：福建（年）,3
就业与工资：分行业：江西（年）,3
就业与工资：分行业：山东（年）,3
就业与工资：分行业：河南（年）,3
就业与工资：分行业：湖北（年）,3
就业与工资：分行业：湖南（年）,3
就业与工资：分行业：广东（年）,3
就业与工资：分行业：广西（年）,3
就业与工资：分行业：海南（年）,3
就业与工资：分行业：重庆（年）,3
就业与工资：分行业：四川（年）,3
就业与工资：分行业：贵州（年）,3
就业与工资：分行业：云南（年）,3
就业与工资：分行业：西藏（年）,3
就业与工资：分行业：陕西（年）,3
就业与工资：分行业：甘肃（年）,3
就业与工资：分行业：青海（年）,3
就业与工资：分行业：宁夏（年）,3
就业与工资：分行业：新疆（年）,3
就业与工资：省会和计划单列市,2
就业与工资：沈阳（季）,3
就业与工资：宁波（季）,3
就业与工资：省会和计划单列市（年）,3
就业与工资：分行业：省会和计划单列市（年）,3
（停止）就业与工资：西宁（季）,3
（停止）就业与工资：深圳（季）,3
（停止）就业与工资：呼和浩特（季）,3
（停止）就业与工资：合肥（季）,3
（停止）就业与工资：青岛（季）,3
就业与工资：地级市,2
就业与工资：河北（年）,3
就业与工资：山西（年）,3
就业与工资：内蒙古（年）,3
就业与工资：辽宁（年）,3
就业与工资：吉林（年）,3
就业与工资：黑龙江（年）,3
就业与工资：江苏（年）,3
就业与工资：浙江（年）,3
就业与工资：安徽（年）,3
就业与工资：福建（年）,3
就业与工资：江西（年）,3
就业与工资：山东（年）,3
就业与工资：河南（年）,3
就业与工资：湖北（年）,3
就业与工资：湖南（年）,3
就业与工资：广东（年）,3
就业与工资：广西（年）,3
就业与工资：海南（年）,3
就业与工资：四川（年）,3
就业与工资：贵州（年）,3
就业与工资：云南（年）,3
就业与工资：陕西（年）,3
就业与工资：甘肃（年）,3
就业与工资：青海（年）,3
就业与工资：宁夏（年）,3
就业与工资：新疆（年）,3
就业与工资：县级市,2
就业与工资：河北（年）,3
就业与工资：山西（年）,3
就业与工资：内蒙古（年）,3
就业与工资：辽宁（年）,3
就业与工资：吉林（年）,3
就业与工资：黑龙江（年）,3
就业与工资：江苏（年）,3
就业与工资：浙江（年）,3
就业与工资：安徽（年）,3
就业与工资：福建（年）,3
就业与工资：江西（年）,3
就业与工资：山东（年）,3
就业与工资：河南（年）,3
就业与工资：湖北（年）,3
就业与工资：湖南（年）,3
就业与工资：广东（年）,3
就业与工资：广西（年）,3
就业与工资：海南（年）,3
就业与工资：四川（年）,3
就业与工资：贵州（年）,3
就业与工资：云南（年）,3
就业与工资：西藏（年）,3
就业与工资：陕西（年）,3
就业与工资：甘肃（年）,3
就业与工资：青海（年）,3
就业与工资：宁夏（年）,3
就业与工资：新疆（年）,3
景气调查,1
景气指数,2
宏观经济景气指数（月）,3
企业景气指数（季）,3
企业景气指数：分行业（季）,3
企业景气指数：上海（季）,3
企业景气指数：江苏（季）,3
行业景气指数（季）,3
5000户工业企业景气扩散指数（季）,3
行业景气指数（月）,3
百度经济预测指数（月）,3
百度中小企业景气指数（月）,3
百度中小企业景气指数：分地区（月）,3
（停止）企业景气指数温州（季）,3
采购经理指数,2
中国制造业采购经理指数（PMI）（月）,3
采购经理指数：省及直辖市（月）,3
采购经理指数：地级市（月）,3
中国非制造业商务活动指数（月）,3
财新中国采购经理指数（月）,3
兰格钢铁流通业采购经理人指数（LGSC-PMI）（月）,3
SOLARZOOM光伏经理人指数（月）,3
战略性新兴产业采购经理指数（EMPI）（月）,3
信心指数,2
消费者信心指数,3
消费者信心指数：上海（季）,3
企业家信心指数（季）,3
企业家信心指数：分行业（季）,3
企业家信心指数：上海（季）,3
企业家信心指数：江苏（季）,3
经济学家信心指数（季）,3
跨国采购（上海）信心指数（季）,3
证券投资者信心指数（季）,3
（停止）企业家信心指数：温州（季）,3
央行问卷调查,2
城镇储户问卷调查（季）,3
城镇储户问卷调查：分地区（季）,3
银行家问卷调查（季）,3
银行家问卷调查：分地区（季）,3
企业家问卷调查（季）,3
企业家问卷调查：分地区（季）,3
流通企业订单和库存指数（商务部）,2
订单指数（月）,3
库存指数（月）,3
外贸出口先导指数,2
外贸出口先导指数（月）,3
中小企业发展指数,2
中国中小企业信心指数（月）,3
中国中小企业发展指数（月）,3
发展与民生指数,2
发展与民生指数（DLI）：四大区域（年）,3
发展与民生指数（DLI）：省及直辖市（年）,3
大金融系列指数,2
大金融金融景气指数（季）,3
大金融发展指数（年）,3
服务外包指数,2
服务外包企业景气指数（BSI）（季）,3
服务外包企业家信心指数（BSI）（季）,3
国际投资指数,2
国际投资指数（月）,3
循环经济发展指数,2
循环经济发展指数（年）,3
中国市场化指数,2
市场化进程（年）,3
政府与市场关系（年）,3
非国有经济发展（年）,3
产品市场发育（年）,3
要素市场发育（年）,3
中介组织发育和法律（年）,3
（停止）BASE指数,2
（停止）中国经济指数（月）,3
（停止）中国经济指标（月）,3
（停止）中国外部指数（月）,3
（停止）中国风险指数（月）,3
（停止）世界经济数据（月）,3
（停止）美国经济数据（月）,3
（停止）欧洲经济数据（月）,3
人民生活,1
城镇居民家庭基本情况,2
城镇居民收入（季）,3
城镇居民支出（季）,3
城镇居民家庭基本情况（年）,3
城乡居民家庭人均收入及恩格尔系数（年）,3
城镇居民家庭平均每百户耐用消费品拥有量（年）,3
城镇居民家庭人均全年消费性支出（年）,3
（停止）城镇居民家庭基本情况（季）,3
（停止）城镇居民家庭平均每百户耐用消费品拥有量（季）,3
（停止）城镇居民家庭人均全年购买主要商品数量（年）,3
农村居民家庭基本情况,2
农村居民家庭基本情况（年）,3
农村居民家庭人均收入及恩格尔系数（年）,3
农村居民家庭人均全年消费性支出（年）,3
农村居民家庭平均每百户耐用消费品拥有量（年）,3
农村居民家庭人均主要食品消费量（年）,3
（停止）农村居民家庭收入（季）,3
（停止）农村居民家庭支出（季）,3
（停止）农村居民主要农牧产品出售量（季）,3
（停止）农村居民按纯收入分组的户数占调查户比重（年）,3
城镇居民家庭基本情况：省及直辖市,2
城镇居民家庭收支基本情况：北京,3
城镇居民家庭收支基本情况：天津,3
城镇居民家庭收支基本情况：河北,3
城镇居民家庭收支基本情况：山西,3
城镇居民家庭收支基本情况：内蒙古,3
城镇居民家庭收支基本情况：辽宁,3
城镇居民家庭收支基本情况：吉林,3
城镇居民家庭收支基本情况：黑龙江,3
城镇居民家庭收支基本情况：上海,3
城镇居民家庭收支基本情况：江苏,3
城镇居民家庭收支基本情况：浙江,3
城镇居民家庭收支基本情况：安徽,3
城镇居民家庭收支基本情况：福建,3
城镇居民家庭收支基本情况：江西,3
城镇居民家庭收支基本情况：山东,3
城镇居民家庭收支基本情况：河南,3
城镇居民家庭收支基本情况：湖北,3
城镇居民家庭收支基本情况：湖南,3
城镇居民家庭收支基本情况：广东,3
城镇居民家庭收支基本情况：广西,3
城镇居民家庭收支基本情况：海南,3
城镇居民家庭收支基本情况：重庆,3
城镇居民家庭收支基本情况：四川,3
城镇居民家庭收支基本情况：贵州,3
城镇居民家庭收支基本情况：西藏（季）,3
城镇居民家庭收支基本情况：陕西,3
城镇居民家庭收支基本情况：甘肃,3
城镇居民家庭收支基本情况：青海,3
城镇居民家庭收支基本情况：宁夏,3
城镇居民家庭收支基本情况：新疆,3
城镇居民家庭收支和消费情况：北京（年）,3
城镇居民家庭收支和消费情况：天津（年）,3
城镇居民家庭收支和消费情况：河北（年）,3
城镇居民家庭收支和消费情况：山西（年）,3
城镇居民家庭收支和消费情况：内蒙古（年）,3
城镇居民家庭收支和消费情况：辽宁（年）,3
城镇居民家庭收支和消费情况：吉林（年）,3
城镇居民家庭收支和消费情况：黑龙江（年）,3
城镇居民家庭收支和消费情况：上海（年）,3
城镇居民家庭收支和消费情况：江苏（年）,3
城镇居民家庭收支和消费情况：浙江（年）,3
城镇居民家庭收支和消费情况：安徽（年）,3
城镇居民家庭收支和消费情况：福建（年）,3
城镇居民家庭收支和消费情况：江西（年）,3
城镇居民家庭收支和消费情况：山东（年）,3
城镇居民家庭收支和消费情况：河南（年）,3
城镇居民家庭收支和消费情况：湖北（年）,3
城镇居民家庭收支和消费情况：湖南（年）,3
城镇居民家庭收支和消费情况：广东（年）,3
城镇居民家庭收支和消费情况：广西（年）,3
城镇居民家庭收支和消费情况：海南（年）,3
城镇居民家庭收支和消费情况：重庆（年）,3
城镇居民家庭收支和消费情况：四川（年）,3
城镇居民家庭收支和消费情况：贵州（年）,3
城镇居民家庭收支和消费情况：云南（年）,3
城镇居民家庭收支和消费情况：西藏（年）,3
城镇居民家庭收支和消费情况：陕西（年）,3
城镇居民家庭收支和消费情况：甘肃（年）,3
城镇居民家庭收支和消费情况：青海（年）,3
城镇居民家庭收支和消费情况：宁夏（年）,3
城镇居民家庭收支和消费情况：新疆（年）,3
城镇居民家庭基本情况：经济区（年）,3
农村居民家庭基本情况：省及直辖市,2
农村居民家庭收支和消费情况：北京（年）,3
农村居民家庭收支和消费情况：天津（年）,3
农村居民家庭收支和消费情况：河北（年）,3
农村居民家庭收支和消费情况：山西（年）,3
农村居民家庭收支和消费情况：内蒙古（年）,3
农村居民家庭收支和消费情况：辽宁（年）,3
农村居民家庭收支和消费情况：吉林（年）,3
农村居民家庭收支和消费情况：黑龙江（年）,3
农村居民家庭收支和消费情况：上海（年）,3
农村居民家庭收支和消费情况：江苏（年）,3
农村居民家庭收支和消费情况：浙江（年）,3
农村居民家庭收支和消费情况：安徽（年）,3
农村居民家庭收支和消费情况：福建（年）,3
农村居民家庭收支和消费情况：江西（年）,3
农村居民家庭收支和消费情况：山东（年）,3
农村居民家庭收支和消费情况：河南（年）,3
农村居民家庭收支和消费情况：湖北（年）,3
农村居民家庭收支和消费情况：湖南（年）,3
农村居民家庭收支和消费情况：广东（年）,3
农村居民家庭收支和消费情况：广西（年）,3
农村居民家庭收支和消费情况：海南（年）,3
农村居民家庭收支和消费情况：重庆（年）,3
农村居民家庭收支和消费情况：四川（年）,3
农村居民家庭收支和消费情况：贵州（年）,3
农村居民家庭收支和消费情况：云南（年）,3
农村居民家庭收支和消费情况：西藏（年）,3
农村居民家庭收支和消费情况：陕西（年）,3
农村居民家庭收支和消费情况：甘肃（年）,3
农村居民家庭收支和消费情况：青海（年）,3
农村居民家庭收支和消费情况：宁夏（年）,3
农村居民家庭收支和消费情况：新疆（年）,3
（停止）农村居民家庭收支基本情况：北京（季）,3
（停止）农村居民家庭收支基本情况：天津（季）,3
（停止）农村居民家庭收支基本情况：河北（季）,3
（停止）农村居民家庭收支基本情况：山西（季）,3
（停止）农村居民家庭收支基本情况：内蒙古（季）,3
（停止）农村居民家庭收支基本情况：辽宁（季）,3
（停止）农村居民家庭收支基本情况：吉林（季）,3
（停止）农村居民家庭收支基本情况：黑龙江（季）,3
（停止）农村居民家庭收支基本情况：上海（季）,3
（停止）农村居民家庭收支基本情况：江苏（季）,3
（停止）农村居民家庭收支基本情况：浙江（季）,3
（停止）农村居民家庭收支基本情况：安徽（季）,3
（停止）农村居民家庭收支基本情况：福建（季）,3
（停止）农村居民家庭收支基本情况：江西（季）,3
（停止）农村居民家庭收支基本情况：山东（季）,3
（停止）农村居民家庭收支基本情况：河南（季）,3
（停止）农村居民家庭收支基本情况：湖北（季）,3
（停止）农村居民家庭收支基本情况：湖南（季）,3
（停止）农村居民家庭收支基本情况：广东（季）,3
（停止）农村居民家庭收支基本情况：广西（季）,3
（停止）农村居民家庭收支基本情况：海南（季）,3
（停止）农村居民家庭收支基本情况：重庆（季）,3
（停止）农村居民家庭收支基本情况：四川（季）,3
（停止）农村居民家庭收支基本情况：贵州（季）,3
（停止）农村居民家庭收支基本情况：云南（季）,3
（停止）农村居民家庭收支基本情况：西藏（季）,3
（停止）农村居民家庭收支基本情况：陕西（季）,3
（停止）农村居民家庭收支基本情况：甘肃（季）,3
（停止）农村居民家庭收支基本情况：青海（季）,3
（停止）农村居民家庭收支基本情况：宁夏（季）,3
（停止）农村居民家庭收支基本情况：新疆（季）,3
人民生活质量、社会保障,2
人民生活质量、社会保障（年）,3
人民生活：省会和计划单列市,2
人民生活：石家庄（季）,3
人民生活：太原（季）,3
人民生活：呼和浩特（季）,3
人民生活：沈阳（月）,3
人民生活：大连（季）,3
人民生活：长春（季）,3
人民生活：哈尔滨（季）,3
人民生活：南京（月）,3
人民生活：杭州,3
人民生活：宁波（季）,3
人民生活：合肥（季）,3
人民生活：福州（月）,3
人民生活：厦门（季）,3
人民生活：南昌（季）,3
人民生活：济南（季）,3
人民生活：青岛（季）,3
人民生活：郑州（季）,3
人民生活：长沙（月）,3
人民生活：广州（季）,3
人民生活：深圳（季）,3
人民生活：南宁（月）,3
人民生活：海口（季）,3
人民生活：成都（季）,3
人民生活：贵阳（季）,3
人民生活：昆明（季）,3
人民生活：西安（季）,3
人民生活：兰州（月）,3
人民生活：西宁（月）,3
人民生活：银川（季）,3
人民生活：乌鲁木齐（季）,3
人民生活：省会和计划单列市（年）,3
（停止）人民生活：武汉（月）,3
人民生活：地级市,2
人民生活：江苏,3
人民生活：浙江,3
人民生活：福建,3
人民生活：广东,3
年度人民生活：地级市,2
人民生活：河北（年）,3
人民生活：山西（年）,3
人民生活：内蒙古（年）,3
人民生活：辽宁（年）,3
人民生活：吉林（年）,3
人民生活：黑龙江（年）,3
人民生活：江苏（年）,3
人民生活：浙江（年）,3
人民生活：安徽（年）,3
人民生活：福建（年）,3
人民生活：江西（年）,3
人民生活：山东（年）,3
人民生活：河南（年）,3
人民生活：湖北（年）,3
人民生活：湖南（年）,3
人民生活：广东（年）,3
人民生活：广西（年）,3
人民生活：海南（年）,3
人民生活：四川（年）,3
人民生活：贵州（年）,3
人民生活：云南（年）,3
人民生活：西藏（年）,3
人民生活：陕西（年）,3
人民生活：甘肃（年）,3
人民生活：青海（年）,3
人民生活：宁夏（年）,3
人民生活：新疆（年）,3
社会保障,2
最低社会保障及社会服务业（月）,3
最低社会保障及社会服务业（年）,3
社会服务机构及从业人员（年）,3
社会服务机构财务状况：分会计制度（年）,3
全国社会保险基金收支及累计结余（年）,3
全国城镇基本养老保险（年）,3
全国城镇基本医疗保险（年）,3
全国工伤保险及生育保险（年）,3
全国农村社会养老保险（年）,3
养老及社会收养服务,3
社区服务,3
社会保险（月）,3
社会保险基金资产（年）,3
劳动保障（季）,3
社会保障：省及直辖市,2
社会保障：北京,3
社会保障：天津,3
社会保障：河北,3
社会保障：山西,3
社会保障：内蒙古,3
社会保障：辽宁,3
社会保障：吉林,3
社会保障：黑龙江,3
社会保障：上海,3
社会保障：江苏,3
社会保障：浙江,3
社会保障：安徽,3
社会保障：福建,3
社会保障：江西,3
社会保障：山东,3
社会保障：河南,3
社会保障：湖北,3
社会保障：湖南,3
社会保障：广东,3
社会保障：广西,3
社会保障：海南,3
社会保障：重庆,3
社会保障：四川,3
社会保障：贵州,3
社会保障：云南,3
社会保障：西藏,3
社会保障：陕西,3
社会保障：甘肃,3
社会保障：青海,3
社会保障：宁夏,3
社会保障：新疆,3
社会保障：省会和计划单列市,2
社会保障：省会和计划单列市（年）,3
社会保障：地级市,2
社会保障：河北（年）,3
社会保障：山西（年）,3
社会保障：内蒙古（年）,3
社会保障：辽宁（年）,3
社会保障：吉林（年）,3
社会保障：黑龙江（年）,3
社会保障：江苏（年）,3
社会保障：浙江（年）,3
社会保障：安徽（年）,3
社会保障：福建（年）,3
社会保障：江西（年）,3
社会保障：山东（年）,3
社会保障：河南（年）,3
社会保障：湖北（年）,3
社会保障：湖南（年）,3
社会保障：广东（年）,3
社会保障：广西（年）,3
社会保障：海南（年）,3
社会保障：四川（年）,3
社会保障：贵州（年）,3
社会保障：云南（年）,3
社会保障：陕西（年）,3
社会保障：甘肃（年）,3
社会保障：青海（年）,3
社会保障：宁夏（年）,3
社会保障：新疆（年）,3
城乡一体化住户调查,2
城乡一体化居民收入和支出（季）,3
城乡一体化居民收入和支出（年）,3
第一产业生产经营收支（年）,3
城乡居民平均每百户耐用消费品拥有量（年）,3
城乡居民人均主要食品消费量（年）,3
城乡居民家庭基本情况（年）,3
城乡一体化住户调查：省及直辖市,2
城乡一体化居民收入和支出：华北（季）,3
城乡一体化居民收入和支出：东北（季）,3
城乡一体化居民收入和支出：华东（季）,3
城乡一体化居民收入和支出：中南（季）,3
城乡一体化居民收入和支出：西南（季）,3
城乡一体化居民收入和支出：西北（季）,3
城乡一体化居民收入和支出：北京（年）,3
城乡一体化居民收入和支出：天津（年）,3
城乡一体化居民收入和支出：河北（年）,3
城乡一体化居民收入和支出：山西（年）,3
城乡一体化居民收入和支出：内蒙古（年）,3
城乡一体化居民收入和支出：辽宁（年）,3
城乡一体化居民收入和支出：吉林（年）,3
城乡一体化居民收入和支出：黑龙江（年）,3
城乡一体化居民收入和支出：上海（年）,3
城乡一体化居民收入和支出：江苏（年）,3
城乡一体化居民收入和支出：浙江（年）,3
城乡一体化居民收入和支出：安徽（年）,3
城乡一体化居民收入和支出：福建（年）,3
城乡一体化居民收入和支出：江西（年）,3
城乡一体化居民收入和支出：山东（年）,3
城乡一体化居民收入和支出：河南（年）,3
城乡一体化居民收入和支出：湖北（年）,3
城乡一体化居民收入和支出：湖南（年）,3
城乡一体化居民收入和支出：广东（年）,3
城乡一体化居民收入和支出：广西（年）,3
城乡一体化居民收入和支出：海南（年）,3
城乡一体化居民收入和支出：重庆（年）,3
城乡一体化居民收入和支出：四川（年）,3
城乡一体化居民收入和支出：贵州（年）,3
城乡一体化居民收入和支出：云南（年）,3
城乡一体化居民收入和支出：西藏（年）,3
城乡一体化居民收入和支出：陕西（年）,3
城乡一体化居民收入和支出：甘肃（年）,3
城乡一体化居民收入和支出：青海（年）,3
城乡一体化居民收入和支出：宁夏（年）,3
城乡一体化居民收入和支出：新疆（年）,3
基尼系数,2
基尼系数（年）,3
私人财富,2
招行私人财富报告（年）,3
建行私人财富报告（年）,3
人口与资源,1
人口,2
人口概况（年）,3
全国人口普查人口基本情况（年）,3
人口结构：按年龄和性别：抽样人数（年）,3
人口结构：按年龄和性别：比例（年）,3
人口结构：按性别和婚姻状况：抽样数（年）,3
户数统计：抽样数（年）,3
人口年龄构成和抚养比：抽样数（年）,3
育龄妇女分年龄、孩次的生育状况：抽样数（年）,3
户籍人口（年）,3
婚姻登记,3
人口：省及直辖市,2
人口基本情况：北京（年）,3
人口基本情况：天津（年）,3
人口基本情况：河北（年）,3
人口基本情况：山西（年）,3
人口基本情况：内蒙古（年）,3
人口基本情况：辽宁（年）,3
人口基本情况：吉林（年）,3
人口基本情况：黑龙江（年）,3
人口基本情况：上海（年）,3
人口基本情况：江苏（年）,3
人口基本情况：浙江（年）,3
人口基本情况：安徽（年）,3
人口基本情况：福建（年）,3
人口基本情况：江西（年）,3
人口基本情况：山东（年）,3
人口基本情况：河南（年）,3
人口基本情况：湖北（年）,3
人口基本情况：湖南（年）,3
人口基本情况：广东（年）,3
人口基本情况：广西（年）,3
人口基本情况：海南（年）,3
人口基本情况：重庆（年）,3
人口基本情况：四川（年）,3
人口基本情况：贵州（年）,3
人口基本情况：云南（年）,3
人口基本情况：西藏（年）,3
人口基本情况：陕西（年）,3
人口基本情况：甘肃（年）,3
人口基本情况：青海（年）,3
人口基本情况：宁夏（年）,3
人口基本情况：新疆（年）,3
人口结构：按性别和婚姻状况：抽样数：北京（年）,3
人口结构：按性别和婚姻状况：抽样数：天津（年）,3
人口结构：按性别和婚姻状况：抽样数：河北（年）,3
人口结构：按性别和婚姻状况：抽样数：山西（年）,3
人口结构：按性别和婚姻状况：抽样数：内蒙古（年）,3
人口结构：按性别和婚姻状况：抽样数：辽宁（年）,3
人口结构：按性别和婚姻状况：抽样数：吉林（年）,3
人口结构：按性别和婚姻状况：抽样数：黑龙江（年）,3
人口结构：按性别和婚姻状况：抽样数：上海（年）,3
人口结构：按性别和婚姻状况：抽样数：江苏（年）,3
人口结构：按性别和婚姻状况：抽样数：浙江（年）,3
人口结构：按性别和婚姻状况：抽样数：安徽（年）,3
人口结构：按性别和婚姻状况：抽样数：福建（年）,3
人口结构：按性别和婚姻状况：抽样数：江西（年）,3
人口结构：按性别和婚姻状况：抽样数：山东（年）,3
人口结构：按性别和婚姻状况：抽样数：河南（年）,3
人口结构：按性别和婚姻状况：抽样数：湖北（年）,3
人口结构：按性别和婚姻状况：抽样数：湖南（年）,3
人口：省及直辖市,2
人口结构：按性别和婚姻状况：抽样数：广东（年）,3
人口结构：按性别和婚姻状况：抽样数：广西（年）,3
人口结构：按性别和婚姻状况：抽样数：海南（年）,3
人口结构：按性别和婚姻状况：抽样数：重庆（年）,3
人口结构：按性别和婚姻状况：抽样数：四川（年）,3
人口结构：按性别和婚姻状况：抽样数：贵州（年）,3
人口结构：按性别和婚姻状况：抽样数：云南（年）,3
人口结构：按性别和婚姻状况：抽样数：西藏（年）,3
人口结构：按性别和婚姻状况：抽样数：陕西（年）,3
人口结构：按性别和婚姻状况：抽样数：甘肃（年）,3
人口结构：按性别和婚姻状况：抽样数：青海（年）,3
人口结构：按性别和婚姻状况：抽样数：宁夏（年）,3
人口结构：按性别和婚姻状况：抽样数：新疆（年）,3
人口基本情况：经济区（年）,3
人口：省会和计划单列市,2
人口：石家庄（年）,3
人口：太原（年）,3
人口：呼和浩特（年）,3
人口：沈阳（年）,3
人口：大连（年）,3
人口：长春（年）,3
人口：哈尔滨（年）,3
人口：南京（年）,3
人口：杭州（年）,3
人口：宁波（年）,3
人口：合肥（年）,3
人口：福州（年）,3
人口：厦门（年）,3
人口：南昌（年）,3
人口：济南（年）,3
人口：青岛（年）,3
人口：郑州（年）,3
人口：武汉（年）,3
人口：长沙（年）,3
人口：广州（年）,3
人口：深圳（年）,3
人口：南宁（年）,3
人口：海口（年）,3
人口：成都（年）,3
人口：贵阳（年）,3
人口：昆明（年）,3
人口：拉萨（年）,3
人口：西安（年）,3
人口：兰州（年）,3
人口：西宁（年）,3
人口：银川（年）,3
人口：乌鲁木齐（年）,3
人口：地级市,2
人口：广东：珠海（年）,3
人口：广东：佛山（年）,3
人口：广东：惠州（年）,3
人口：广东：中山（年）,3
人口：广东：江门（年）,3
人口：广东：东莞（年）,3
人口：江苏：苏州（年）,3
人口：江苏：无锡（年）,3
人口：江苏：常州（年）,3
人口：江苏：泰州（年）,3
人口：江苏：南通（年）,3
人口：江苏：扬州（年）,3
人口：江苏：镇江（年）,3
人口：浙江：嘉兴（年）,3
人口：浙江：湖州（年）,3
人口：浙江：绍兴（年）,3
人口：浙江：舟山（年）,3
人口：浙江：台州（年）,3
人口：福建：泉州（年）,3
人口：福建：漳州（年）,3
人口：福建：莆田（年）,3
人口：福建：三明（年）,3
人口：福建：龙岩（年）,3
人口：福建：宁德（年）,3
人口：河北（年）,3
人口：山西（年）,3
人口：内蒙古（年）,3
人口：辽宁（年）,3
人口：吉林（年）,3
人口：黑龙江（年）,3
人口：江苏：其他城市（年）,3
人口：浙江：其他城市（年）,3
人口：安徽（年）,3
人口：福建：其他城市（年）,3
人口：江西（年）,3
人口：山东（年）,3
人口：河南（年）,3
人口：湖北（年）,3
人口：湖南（年）,3
人口：广东：其他城市（年）,3
人口：广西（年）,3
人口：海南（年）,3
人口：四川（年）,3
人口：贵州（年）,3
人口：云南（年）,3
人口：西藏（年）,3
人口：陕西（年）,3
人口：甘肃（年）,3
人口：青海（年）,3
人口：宁夏（年）,3
人口：新疆（年）,3
人口：县级市,2
人口：河北（年）,3
人口：山西（年）,3
人口：内蒙古（年）,3
人口：辽宁（年）,3
人口：吉林（年）,3
人口：黑龙江（年）,3
人口：江苏（年）,3
人口：浙江（年）,3
人口：安徽（年）,3
人口：福建（年）,3
人口：江西（年）,3
人口：山东（年）,3
人口：河南（年）,3
人口：湖北（年）,3
人口：湖南（年）,3
人口：广东（年）,3
人口：广西（年）,3
人口：海南（年）,3
人口：四川（年）,3
人口：贵州（年）,3
人口：云南（年）,3
人口：西藏（年）,3
人口：陕西（年）,3
人口：甘肃（年）,3
人口：青海（年）,3
人口：宁夏（年）,3
人口：新疆（年）,3
人口老龄化,2
老年人口：省及直辖市（年）,3
老年人口：省会和计划单列市（年）,3
老年人口：地级市（年）,3
老年人口：县级市（年）,3
行政区划,2
行政区划：全国（年）,3
行政区划：省及直辖市,2
行政区划：北京（年）,3
行政区划：天津（年）,3
行政区划：河北（年）,3
行政区划：山西（年）,3
行政区划：内蒙古（年）,3
行政区划：辽宁（年）,3
行政区划：吉林（年）,3
行政区划：黑龙江（年）,3
行政区划：上海（年）,3
行政区划：江苏（年）,3
行政区划：浙江（年）,3
行政区划：安徽（年）,3
行政区划：福建（年）,3
行政区划：江西（年）,3
行政区划：山东（年）,3
行政区划：河南（年）,3
行政区划：湖北（年）,3
行政区划：湖南（年）,3
行政区划：广东（年）,3
行政区划：广西（年）,3
行政区划：海南（年）,3
行政区划：重庆（年）,3
行政区划：四川（年）,3
行政区划：贵州（年）,3
行政区划：云南（年）,3
行政区划：西藏（年）,3
行政区划：陕西（年）,3
行政区划：甘肃（年）,3
行政区划：青海（年）,3
行政区划：宁夏（年）,3
行政区划：新疆（年）,3
自然资源,2
水利资源（年）,3
主要矿产基础储量（年）,3
主要城市平均气温（年）,3
土壤侵蚀总量（年）,3
降水总量（年）,3
径流量（年）,3
土地资源,2
土地资源（年）,3
土地利用情况（年）,3
湿地面积（年）,3
土地资源：省及直辖市,2
土地利用情况：北京（年）,3
土地利用情况：天津（年）,3
土地利用情况：河北（年）,3
土地利用情况：山西（年）,3
土地利用情况：内蒙古（年）,3
土地利用情况：辽宁（年）,3
土地利用情况：吉林（年）,3
土地利用情况：黑龙江（年）,3
土地利用情况：上海（年）,3
土地利用情况：江苏（年）,3
土地利用情况：浙江（年）,3
土地利用情况：安徽（年）,3
土地利用情况：福建（年）,3
土地利用情况：江西（年）,3
土地利用情况：山东（年）,3
土地利用情况：河南（年）,3
土地利用情况：湖北（年）,3
土地利用情况：湖南（年）,3
土地利用情况：广东（年）,3
土地利用情况：广西（年）,3
土地利用情况：海南（年）,3
土地利用情况：重庆（年）,3
土地利用情况：四川（年）,3
土地利用情况：贵州（年）,3
土地利用情况：云南（年）,3
土地利用情况：西藏（年）,3
土地利用情况：陕西（年）,3
土地利用情况：甘肃（年）,3
土地利用情况：青海（年）,3
土地利用情况：宁夏（年）,3
土地利用情况：新疆（年）,3
湿地面积：北京（年）,3
湿地面积：天津（年）,3
湿地面积：河北（年）,3
湿地面积：山西（年）,3
湿地面积：内蒙古（年）,3
湿地面积：辽宁（年）,3
湿地面积：吉林（年）,3
湿地面积：黑龙江（年）,3
湿地面积：上海（年）,3
湿地面积：江苏（年）,3
湿地面积：浙江（年）,3
湿地面积：安徽（年）,3
湿地面积：福建（年）,3
湿地面积：江西（年）,3
湿地面积：山东（年）,3
湿地面积：河南（年）,3
湿地面积：湖北（年）,3
湿地面积：湖南（年）,3
湿地面积：广东（年）,3
湿地面积：广西（年）,3
湿地面积：海南（年）,3
湿地面积：重庆（年）,3
湿地面积：四川（年）,3
湿地面积：贵州（年）,3
湿地面积：云南（年）,3
湿地面积：西藏（年）,3
湿地面积：陕西（年）,3
湿地面积：甘肃（年）,3
湿地面积：青海（年）,3
湿地面积：宁夏（年）,3
湿地面积：新疆（年）,3
土地资源：省会和计划单列市,2
常用耕地面积（年）,3
播种耕地面积（年）,3
行政区域土地面积（年）,3
土地资源：地级市,2
土地利用情况：河北（年）,3
土地利用情况：山西（年）,3
土地利用情况：内蒙古（年）,3
土地利用情况：辽宁（年）,3
土地利用情况：吉林（年）,3
土地利用情况：黑龙江（年）,3
土地利用情况：江苏（年）,3
土地利用情况：浙江（年）,3
土地利用情况：安徽（年）,3
土地利用情况：福建（年）,3
土地利用情况：江西（年）,3
土地利用情况：山东（年）,3
土地利用情况：河南（年）,3
土地利用情况：湖北（年）,3
土地利用情况：湖南（年）,3
土地利用情况：广东（年）,3
土地利用情况：广西（年）,3
土地利用情况：海南（年）,3
土地利用情况：四川（年）,3
土地利用情况：贵州（年）,3
土地利用情况：云南（年）,3
土地利用情况：西藏（年）,3
土地利用情况：陕西（年）,3
土地利用情况：甘肃（年）,3
土地利用情况：青海（年）,3
土地利用情况：宁夏（年）,3
土地利用情况：新疆（年）,3
土地资源：县级市,2
土地资源：河北（年）,3
土地资源：山西（年）,3
土地资源：内蒙古（年）,3
土地资源：辽宁（年）,3
土地资源：吉林（年）,3
土地资源：黑龙江（年）,3
土地资源：江苏（年）,3
土地资源：浙江（年）,3
土地资源：安徽（年）,3
土地资源：福建（年）,3
土地资源：江西（年）,3
土地资源：山东（年）,3
土地资源：河南（年）,3
土地资源：湖北（年）,3
土地资源：湖南（年）,3
土地资源：广东（年）,3
土地资源：广西（年）,3
土地资源：海南（年）,3
土地资源：四川（年）,3
土地资源：贵州（年）,3
土地资源：云南（年）,3
土地资源：西藏（年）,3
土地资源：陕西（年）,3
土地资源：甘肃（年）,3
土地资源：青海（年）,3
土地资源：宁夏（年）,3
土地资源：新疆（年）,3
森林资源,2
森林资源（年）,3
森林资源：省及直辖市,2
森林资源情况：北京（年）,3
森林资源情况：天津（年）,3
森林资源情况：河北（年）,3
森林资源情况：山西（年）,3
森林资源情况：内蒙古（年）,3
森林资源情况：辽宁（年）,3
森林资源情况：吉林（年）,3
森林资源情况：黑龙江（年）,3
森林资源情况：上海（年）,3
森林资源情况：江苏（年）,3
森林资源情况：浙江（年）,3
森林资源情况：安徽（年）,3
森林资源情况：福建（年）,3
森林资源情况：江西（年）,3
森林资源情况：山东（年）,3
森林资源情况：河南（年）,3
森林资源情况：湖北（年）,3
森林资源情况：湖南（年）,3
森林资源情况：广东（年）,3
森林资源情况：广西（年）,3
森林资源情况：海南（年）,3
森林资源情况：重庆（年）,3
森林资源情况：四川（年）,3
森林资源情况：贵州（年）,3
森林资源情况：云南（年）,3
森林资源情况：西藏（年）,3
森林资源情况：陕西（年）,3
森林资源情况：甘肃（年）,3
森林资源情况：青海（年）,3
森林资源情况：宁夏（年）,3
森林资源情况：新疆（年）,3
自然灾害,2
自然灾害统计数据（年）,3
教育与科技,1
教育,2
全国高等教育情况（年）,3
全国中等教育情况（年）,3
全国初等及特殊教育情况（年）,3
全国非学历教育情况（年）,3
全国民办教育情况（年）,3
全国幼儿园园数和班数（年）,3
全国幼儿园教职工基本情况（年）,3
全国幼儿园分年龄学生数（年）,3
全国幼儿园校舍设施情况（年）,3
全国教育入学和升学率（年）,3
全国各级学校平均在校生数及师生比（年）,3
分学科学生数：研究生（年）,3
分学科学生数：研究生：普通高校（年）,3
分学科学生数：研究生：研究机构（年）,3
分学科在职人员攻读硕士学位人数（年）,3
分学科学生数：本专科生（年）,3
全国教育经费（年）,3
全国高科技人员统计（年）,3
全国教育基本建设投资（年）,3
教育：省及直辖市,2
教育：北京（年）,3
教育：天津（年）,3
教育：河北（年）,3
教育：山西（年）,3
教育：内蒙古（年）,3
教育：辽宁（年）,3
教育：吉林（年）,3
教育：黑龙江（年）,3
教育：上海（年）,3
教育：江苏（年）,3
教育：浙江（年）,3
教育：安徽（年）,3
教育：福建（年）,3
教育：江西（年）,3
教育：山东（年）,3
教育：河南（年）,3
教育：湖北（年）,3
教育：湖南（年）,3
教育：广东（年）,3
教育：广西（年）,3
教育：海南（年）,3
教育：重庆（年）,3
教育：四川（年）,3
教育：贵州（年）,3
教育：云南（年）,3
教育：西藏（年）,3
教育：陕西（年）,3
教育：甘肃（年）,3
教育：青海（年）,3
教育：宁夏（年）,3
教育：新疆（年）,3
教育：经济区（年）,3
教育：省会和计划单列市,2
教育：石家庄（年）,3
教育：太原（年）,3
教育：呼和浩特（年）,3
教育：沈阳（年）,3
教育：大连（年）,3
教育：长春（年）,3
教育：哈尔滨（年）,3
教育：南京（年）,3
教育：杭州（年）,3
教育：宁波（年）,3
教育：合肥（年）,3
教育：福州（年）,3
教育：厦门（年）,3
教育：南昌（年）,3
教育：济南（年）,3
教育：青岛（年）,3
教育：郑州（年）,3
教育：武汉（年）,3
教育：长沙（年）,3
教育：广州（年）,3
教育：深圳（年）,3
教育：南宁（年）,3
教育：海口（年）,3
教育：成都（年）,3
教育：贵阳（年）,3
教育：昆明（年）,3
教育：拉萨（年）,3
教育：西安（年）,3
教育：兰州（年）,3
教育：西宁（年）,3
教育：银川（年）,3
教育：乌鲁木齐（年）,3
科技活动,2
专利受理情况统计（月）,3
专利授权情况统计（月）,3
有效专利情况统计（月）,3
专利申请情况统计（月）,3
专利公布和公告工作统计（月）,3
国际申请业务&PCT国际专利受理情况统计（月）,3
全国科技活动（年）,3
全国大中型工业企业研究与试验发展（R&D）活动情况（年）,3
大中型高技术产业企业R&D及相关活动情况：分行业（年）,3
大中型国有及国有控股企业R&D及相关活动情况：分行业（年）,3
全国高技术产业基本情况（年）,3
全国高新技术企业基本情况（年）,3
火炬计划项目统计（年）,3
国内三种科技活动（年）,3
战略性新兴产业发明专利（年）,3
技术市场交易统计（年）,3
科技孵化器和产业基地（年）,3
中国创新指数（CII）（年）,3
全国各行业研发及创新统计：分行业（年）,3
规模以上工业企业基本情况：分行业（年）,3
规模以上工业企业R&D人员：分行业（年）,3
规模以上工业企业R&D经费内部支出：分行业（年）,3
规模以上工业企业R&D经费外部支出：分行业（年）,3
规模以上工业企业R&D项目情况：分行业（年）,3
规模以上工业企业办研发机构情况：分行业（年）,3
规模以上工业企业新产品开发和销售：分行业（年）,3
规模以上工业企业专利：分行业（年）,3
规模以上工业企业技术获取和技术改造：分行业（年）,3
地质勘察业（年）,3
海洋产业（年）,3
上市公司专利数据：上交所（年）,3
上市公司专利数据：深交所：主板（年）,3
上市公司专利数据：深交所：中小企业板（年）,3
上市公司专利数据：深交所：创业板（年）,3
科技活动：省及直辖市,2
科技活动：北京,3
科技活动：天津,3
科技活动：河北,3
科技活动：山西,3
科技活动：内蒙古,3
科技活动：辽宁,3
科技活动：吉林,3
科技活动：黑龙江,3
科技活动：上海,3
科技活动：江苏,3
科技活动：浙江,3
科技活动：安徽,3
科技活动：福建,3
科技活动：江西,3
科技活动：山东,3
科技活动：河南,3
科技活动：湖北,3
科技活动：湖南,3
科技活动：广东,3
科技活动：广西,3
科技活动：海南,3
科技活动：重庆,3
科技活动：四川,3
科技活动：贵州,3
科技活动：云南,3
科技活动：西藏,3
科技活动：陕西,3
科技活动：甘肃,3
科技活动：青海,3
科技活动：宁夏,3
科技活动：新疆,3
科技活动：经济区（年）,3
地质勘察业：省及直辖市（年）,3
科技活动：经济区（年）,3
科技活动：省会和计划单列市,2
科技活动：省会和计划单列市（月）,3
科技活动：省会和计划单列市（年）,3
国家高新技术产业开发区,2
高新区企业主要经济指标（年）,3
高新区企业主要经济指标：华北（年）,3
高新区企业主要经济指标：东北（年）,3
高新区企业主要经济指标：华东（年）,3
高新区企业主要经济指标：中南（年）,3
高新区企业主要经济指标：西南（年）,3
高新区企业主要经济指标：西北（年）,3
国家级经济技术开发区,2
国家级经开区：地区生产总值,3
国家级经开区：工业,3
国家级经开区：财政收入,3
国家级经开区：对外贸易及投资,3
国家级经开区：固定资产投资,3
国家级经开区园区：地区生产总值（年）,3
国家级经开区园区：财政（年）,3
国家级经开区园区：对外贸易及投资（年）,3
公共管理,1
查处违反八项规定精神问题,2
查处违反中央八项规定精神问题：按级别分组（月）,3
查处违反中央八项规定精神问题：按类型分组（月）,3